drugbank_id,partner_id,substrate,inducer,inhibitor
DB00027,BE0001032,1,0,1
DB00052,BE0001032,1,0,0
DB00067,BE0001069,1,0,0
DB00080,BE0001032,1,0,0
DB00091,BE0001032,1,0,1
DB00091,BE0000703,1,0,1
DB00091,BE0003643,0,0,1
DB00091,BE0003644,0,0,1
DB00091,BE0001066,1,0,1
DB00091,BE0003651,1,0,1
DB00091,BE0001069,0,0,1
DB00091,BE0001067,0,0,1
DB00091,BE0001004,1,0,1
DB00091,BE0003659,0,0,1
DB00103,BE0004494,1,0,0
DB00104,BE0001032,1,0,0
DB00104,BE0001069,1,0,1
DB00107,BE0010032,0,0,0
DB00115,BE0000340,1,0,0
DB00115,BE0000238,1,0,0
DB00115,BE0000362,1,0,0
DB00115,BE0004690,1,0,0
DB00115,BE0000936,1,0,0
DB00115,BE0000942,0,0,0
DB00115,BE0000785,0,0,0
DB00116,BE0001069,0,0,1
DB00117,BE0003654,1,0,1
DB00119,BE0000440,1,0,1
DB00119,BE0000669,1,0,1
DB00119,BE0003654,1,0,1
DB00119,BE0003655,0,0,1
DB00119,BE0000449,1,0,0
DB00120,BE0003654,0,0,1
DB00121,BE0000094,1,0,0
DB00121,BE0004708,1,0,0
DB00122,BE0003647,1,0,1
DB00122,BE0003648,1,0,1
DB00122,BE0003650,0,0,1
DB00122,BE0000106,0,0,1
DB00122,BE0000757,0,0,1
DB00122,BE0001059,1,0,0
DB00122,BE0002182,1,0,0
DB00122,BE0002183,1,0,0
DB00122,BE0002184,1,0,0
DB00122,BE0000696,1,0,0
DB00123,BE0003654,1,0,1
DB00123,BE0000757,0,0,1
DB00125,BE0000106,0,0,1
DB00125,BE0003654,0,0,1
DB00125,BE0000757,0,0,1
DB00126,BE0000168,1,0,0
DB00126,BE0009869,1,0,0
DB00126,BE0001057,1,0,0
DB00126,BE0004707,1,0,0
DB00126,BE0000893,1,0,0
DB00127,BE0000757,0,0,1
DB00127,BE0003648,1,0,0
DB00128,BE0003654,0,0,1
DB00130,BE0009870,1,0,0
DB00130,BE0009871,1,0,0
DB00130,BE0000285,1,0,0
DB00130,BE0000236,1,0,0
DB00130,BE0000423,1,0,0
DB00130,BE0004769,1,0,0
DB00130,BE0009872,1,0,0
DB00130,BE0000222,1,0,0
DB00130,BE0000789,1,0,0
DB00130,BE0002251,1,0,0
DB00130,BE0003654,0,0,1
DB00133,BE0003654,0,0,1
DB00134,BE0003654,0,0,1
DB00135,BE0000178,0,0,1
DB00135,BE0003654,0,0,1
DB00138,BE0003654,0,0,1
DB00138,BE0002251,0,0,0
DB00138,BE0001130,0,0,0
DB00139,BE0003645,1,0,0
DB00139,BE0002261,0,0,0
DB00139,BE0000022,0,0,1
DB00139,BE0000447,1,0,0
DB00139,BE0000611,1,0,0
DB00140,BE0001066,0,0,1
DB00142,BE0003654,1,0,1
DB00142,BE0000669,1,0,0
DB00142,BE0002275,0,0,0
DB00142,BE0002276,0,0,0
DB00143,BE0000785,1,0,1
DB00143,BE0001069,1,0,1
DB00143,BE0001061,1,0,0
DB00143,BE0001188,1,0,0
DB00143,BE0003639,1,0,0
DB00145,BE0003654,1,0,1
DB00145,BE0000536,1,0,0
DB00145,BE0002308,1,0,0
DB00145,BE0002310,1,0,0
DB00145,BE0000940,1,0,0
DB00148,BE0000106,0,0,1
DB00149,BE0003654,0,0,1
DB00149,BE0000178,1,0,0
DB00150,BE0000178,0,0,1
DB00150,BE0003654,0,0,1
DB00151,BE0003654,0,0,1
DB00152,BE0003647,0,0,1
DB00152,BE0003648,1,0,0
DB00152,BE0000106,0,0,1
DB00152,BE0003530,1,0,0
DB00152,BE0000963,1,0,0
DB00155,BE0001066,1,0,0
DB00156,BE0003654,0,0,1
DB00158,BE0003658,1,0,0
DB00158,BE0001061,1,0,0
DB00158,BE0001066,0,0,1
DB00158,BE0001188,0,0,1
DB00158,BE0001067,1,0,0
DB00158,BE0001048,1,0,0
DB00158,BE0000730,1,0,0
DB00160,BE0003654,0,0,1
DB00161,BE0003654,0,0,1
DB00162,BE0009879,1,0,0
DB00163,BE0000189,1,0,0
DB00163,BE0000119,1,0,0
DB00163,BE0000802,1,0,0
DB00163,BE0001168,1,0,0
DB00165,BE0003546,1,0,0
DB00167,BE0003654,0,0,1
DB00168,BE0001066,0,0,1
DB00168,BE0003645,0,0,1
DB00168,BE0000879,0,0,1
DB00172,BE0003654,0,0,1
DB00174,BE0003654,0,0,1
DB00175,BE0001004,1,0,0
DB00175,BE0001042,1,0,0
DB00175,BE0001032,1,0,0
DB00175,BE0003642,1,0,0
DB00175,BE0001066,0,0,1
DB00175,BE0003645,1,0,1
DB00175,BE0001069,1,0,0
DB00175,BE0000879,1,0,0
DB00175,BE0001067,1,0,0
DB00175,BE0003646,1,0,0
DB00175,BE0000669,1,0,0
DB00175,BE0000703,1,0,0
DB00175,BE0003659,1,0,0
DB00176,BE0001032,0,0,1
DB00176,BE0000703,1,0,0
DB00177,BE0003659,1,0,0
DB00177,BE0001004,1,0,1
DB00177,BE0001069,1,0,0
DB00178,BE0001018,1,0,0
DB00178,BE0001134,1,0,0
DB00182,BE0003650,1,0,0
DB00182,BE0000106,1,0,0
DB00184,BE0003647,0,0,1
DB00184,BE0003648,0,0,1
DB00184,BE0003650,0,0,1
DB00184,BE0000106,0,0,1
DB00184,BE0000757,0,0,1
DB00188,BE0001032,1,0,0
DB00188,BE0003659,0,0,1
DB00196,BE0001032,0,0,1
DB00197,BE0000703,0,0,1
DB00197,BE0001004,0,0,1
DB00198,BE0001188,1,0,0
DB00198,BE0001018,1,0,0
DB00198,BE0003645,1,0,0
DB00199,BE0003659,1,0,1
DB00199,BE0000703,1,0,1
DB00199,BE0001032,1,0,1
DB00199,BE0001004,1,0,1
DB00199,BE0001069,1,0,0
DB00199,BE0003642,1,0,1
DB00201,BE0001067,0,0,1
DB00203,BE0001188,0,0,1
DB00203,BE0003639,0,0,1
DB00203,BE0003651,0,0,1
DB00203,BE0001004,0,0,1
DB00203,BE0001032,1,0,1
DB00204,BE0003647,1,0,0
DB00205,BE0003657,0,0,1
DB00205,BE0004752,0,0,1
DB00206,BE0001032,1,1,1
DB00206,BE0003648,0,0,1
DB00206,BE0000703,0,0,1
DB00206,BE0001069,0,0,1
DB00206,BE0003647,1,0,0
DB00206,BE0001004,0,0,1
DB00206,BE0001042,0,0,1
DB00207,BE0001032,1,0,1
DB00207,BE0001069,1,0,1
DB00211,BE0001018,0,0,0
DB00213,BE0001032,1,0,1
DB00213,BE0001067,1,0,1
DB00213,BE0003645,0,0,1
DB00214,BE0001004,1,0,0
DB00215,BE0001032,1,0,1
DB00216,BE0001032,1,0,0
DB00220,BE0001032,1,1,1
DB00220,BE0003648,0,0,1
DB00220,BE0003642,0,0,1
DB00220,BE0001067,0,0,1
DB00220,BE0001004,0,0,1
DB00220,BE0003659,0,0,1
DB00220,BE0001042,0,0,1
DB00220,BE0000703,1,0,0
DB00222,BE0000703,1,0,0
DB00224,BE0001032,1,1,1
DB00224,BE0003648,0,0,1
DB00224,BE0000785,0,0,1
DB00224,BE0003642,0,0,1
DB00224,BE0001004,0,0,1
DB00224,BE0001069,1,0,0
DB00224,BE0001042,0,0,1
DB00224,BE0000703,1,0,0
DB00227,BE0001032,0,0,1
DB00227,BE0003642,0,0,1
DB00227,BE0001004,1,0,1
DB00227,BE0001069,1,0,0
DB00227,BE0000703,1,0,0
DB00227,BE0001042,0,0,0
DB00227,BE0003659,0,0,0
DB00229,BE0001066,1,0,1
DB00229,BE0003645,1,0,1
DB00230,BE0001054,0,0,0
DB00230,BE0000222,1,0,0
DB00234,BE0001032,0,0,1
DB00237,BE0001057,0,0,1
DB00238,BE0003648,0,0,1
DB00242,BE0001067,1,0,0
DB00242,BE0003672,0,0,0
DB00243,BE0000703,1,0,0
DB00243,BE0001032,1,0,1
DB00243,BE0003657,0,0,1
DB00243,BE0004752,0,0,1
DB00244,BE0001004,1,0,0
DB00244,BE0003659,1,0,0
DB00244,BE0001042,1,0,0
DB00246,BE0001032,0,0,0
DB00248,BE0001032,1,0,0
DB00252,BE0003660,0,0,1
DB00252,BE0001032,1,0,0
DB00252,BE0001069,1,0,0
DB00253,BE0003642,1,0,0
DB00253,BE0001032,1,0,0
DB00253,BE0003645,1,0,0
DB00254,BE0001066,0,0,1
DB00254,BE0002369,0,1,0
DB00255,BE0001067,0,0,1
DB00255,BE0001032,1,0,0
DB00255,BE0001004,0,0,1
DB00255,BE0001042,1,0,0
DB00255,BE0000703,1,0,0
DB00257,BE0001032,0,1,1
DB00257,BE0000703,1,0,1
DB00257,BE0001004,1,0,1
DB00257,BE0003659,0,1,0
DB00260,BE0004704,0,0,0
DB00264,BE0003647,0,0,1
DB00270,BE0000703,1,0,0
DB00273,BE0001032,1,0,0
DB00273,BE0004907,0,1,0
DB00274,BE0001018,0,0,1
DB00274,BE0001134,0,0,1
DB00275,BE0001069,1,1,0
DB00275,BE0003659,1,0,0
DB00275,BE0001004,1,0,0
DB00275,BE0000703,0,0,1
DB00276,BE0001032,0,0,1
DB00277,BE0003646,0,0,1
DB00279,BE0003642,1,0,0
DB00279,BE0001004,1,0,0
DB00279,BE0003659,1,0,0
DB00279,BE0003653,1,0,0
DB00279,BE0003644,1,0,0
DB00279,BE0003660,1,0,1
DB00279,BE0003656,1,0,1
DB00279,BE0003645,0,0,1
DB00279,BE0003654,0,0,1
DB00279,BE0001032,0,1,0
DB00279,BE0000222,0,0,0
DB00280,BE0003648,0,0,1
DB00280,BE0003647,0,0,1
DB00281,BE0000106,0,0,1
DB00281,BE0001032,0,0,1
DB00285,BE0001032,1,0,1
DB00285,BE0001067,0,1,0
DB00286,BE0001061,0,0,1
DB00286,BE0001188,0,0,1
DB00286,BE0000785,0,0,1
DB00286,BE0003642,1,0,1
DB00286,BE0003644,0,0,1
DB00286,BE0003652,0,0,1
DB00286,BE0003645,1,0,1
DB00286,BE0003660,1,0,1
DB00286,BE0001004,1,0,1
DB00286,BE0001042,1,0,0
DB00286,BE0001032,1,0,0
DB00286,BE0001066,1,0,0
DB00286,BE0003667,1,0,0
DB00286,BE0003668,1,0,0
DB00286,BE0001069,1,0,0
DB00286,BE0003656,1,0,0
DB00286,BE0003658,1,0,0
DB00286,BE0003659,1,0,0
DB00286,BE0000879,1,0,0
DB00286,BE0003661,1,0,0
DB00286,BE0001067,1,0,0
DB00291,BE0003642,0,0,0
DB00295,BE0001032,1,0,0
DB00300,BE0001066,1,0,0
DB00300,BE0003645,1,0,0
DB00300,BE0003651,1,0,0
DB00300,BE0001188,1,0,0
DB00300,BE0001069,1,0,0
DB00300,BE0001032,1,0,1
DB00301,BE0000703,1,0,0
DB00311,BE0001066,0,0,1
DB00313,BE0001066,0,0,1
DB00313,BE0003645,1,0,1
DB00313,BE0000106,0,0,1
DB00313,BE0000669,1,0,0
DB00313,BE0003646,1,0,0
DB00313,BE0001042,0,0,1
DB00315,BE0001032,0,0,0
DB00316,BE0001032,1,0,1
DB00317,BE0001032,1,0,1
DB00317,BE0001067,1,0,1
DB00318,BE0003648,1,0,1
DB00319,BE0001066,0,0,1
DB00319,BE0003645,1,0,0
DB00320,BE0001032,0,0,1
DB00321,BE0001032,1,0,0
DB00328,BE0001061,0,0,1
DB00328,BE0001188,0,0,1
DB00328,BE0003640,0,0,1
DB00328,BE0001032,1,0,1
DB00328,BE0000785,0,0,1
DB00328,BE0003642,1,0,1
DB00328,BE0001066,1,0,1
DB00328,BE0003645,0,0,1
DB00328,BE0001069,1,0,1
DB00328,BE0003658,0,0,1
DB00328,BE0000879,0,0,1
DB00328,BE0003644,1,0,0
DB00328,BE0003646,1,0,0
DB00328,BE0001004,0,0,1
DB00328,BE0000703,1,0,0
DB00331,BE0003648,1,0,0
DB00331,BE0003647,1,0,1
DB00331,BE0003650,1,0,0
DB00331,BE0003657,1,0,0
DB00331,BE0004775,1,0,0
DB00331,BE0004752,1,0,0
DB00332,BE0000106,1,0,0
DB00332,BE0000757,1,0,0
DB00333,BE0001032,0,0,1
DB00334,BE0001032,1,0,0
DB00335,BE0000703,1,0,0
DB00338,BE0001067,0,0,1
DB00338,BE0001061,0,1,0
DB00338,BE0001032,1,0,1
DB00341,BE0001032,1,0,1
DB00342,BE0001032,0,0,1
DB00342,BE0000703,1,0,0
DB00343,BE0001032,1,0,1
DB00344,BE0001032,0,0,1
DB00345,BE0003647,0,0,1
DB00345,BE0000106,0,0,1
DB00345,BE0001066,1,0,1
DB00345,BE0003645,1,0,1
DB00345,BE0001069,1,0,1
DB00345,BE0000757,0,0,1
DB00345,BE0000879,1,0,1
DB00345,BE0003661,0,0,1
DB00345,BE0001004,0,0,1
DB00345,BE0000785,1,0,0
DB00345,BE0003642,1,0,0
DB00345,BE0000669,1,0,0
DB00345,BE0003646,1,0,0
DB00346,BE0001032,1,0,0
DB00349,BE0001032,1,0,0
DB00351,BE0001032,0,0,1
DB00352,BE0001188,0,0,1
DB00358,BE0001032,1,0,1
DB00360,BE0001032,0,0,1
DB00363,BE0001032,1,0,0
DB00365,BE0001032,1,0,1
DB00365,BE0000785,1,0,0
DB00365,BE0001066,1,0,0
DB00365,BE0003647,0,0,1
DB00365,BE0000106,0,0,1
DB00365,BE0001069,0,0,1
DB00368,BE0000486,1,0,0
DB00368,BE0003647,1,0,1
DB00368,BE0003650,1,0,1
DB00368,BE0000106,0,0,1
DB00368,BE0003648,1,0,0
DB00368,BE0003665,1,0,0
DB00369,BE0001066,1,0,1
DB00370,BE0000749,1,0,1
DB00373,BE0001032,1,0,0
DB00381,BE0001032,1,0,1
DB00382,BE0001032,1,0,0
DB00390,BE0001032,1,1,1
DB00390,BE0003653,1,0,0
DB00390,BE0000703,1,0,0
DB00390,BE0003642,1,0,0
DB00390,BE0003667,1,0,0
DB00390,BE0003668,1,0,0
DB00390,BE0001004,1,0,1
DB00391,BE0003648,1,0,0
DB00391,BE0003647,1,0,0
DB00391,BE0003657,1,0,0
DB00391,BE0004752,1,0,0
DB00391,BE0003650,1,0,0
DB00391,BE0001032,1,0,0
DB00391,BE0001067,1,0,0
DB00394,BE0001032,1,1,0
DB00394,BE0001067,0,0,1
DB00394,BE0001004,0,0,1
DB00394,BE0003659,0,0,1
DB00396,BE0001032,1,1,1
DB00396,BE0003647,0,0,1
DB00396,BE0003648,0,0,1
DB00396,BE0003650,0,0,1
DB00396,BE0000703,0,0,1
DB00396,BE0000785,0,0,1
DB00396,BE0003644,0,0,1
DB00396,BE0001004,0,0,1
DB00396,BE0001067,0,1,1
DB00396,BE0003659,0,1,0
DB00398,BE0001067,1,0,1
DB00398,BE0001188,0,0,1
DB00398,BE0001069,0,0,1
DB00398,BE0001032,1,0,1
DB00398,BE0004770,1,0,0
DB00398,BE0001004,0,0,1
DB00399,BE0000785,1,0,0
DB00401,BE0001032,0,0,1
DB00406,BE0003648,0,0,0
DB00412,BE0001004,0,0,1
DB00412,BE0000703,1,0,0
DB00413,BE0003647,1,0,0
DB00413,BE0003648,1,0,0
DB00413,BE0003650,0,0,0
DB00415,BE0000106,0,0,1
DB00415,BE0001018,0,0,1
DB00415,BE0001134,0,0,1
DB00415,BE0000669,0,0,0
DB00421,BE0001069,0,1,0
DB00421,BE0001032,0,1,0
DB00421,BE0003642,0,0,1
DB00421,BE0000703,1,0,0
DB00428,BE0001032,0,1,0
DB00432,BE0001066,1,0,1
DB00432,BE0004705,1,0,0
DB00432,BE0001204,1,0,0
DB00432,BE0004706,1,0,0
DB00434,BE0003648,0,0,1
DB00437,BE0003645,1,0,0
DB00437,BE0003646,1,0,0
DB00437,BE0001067,1,0,0
DB00437,BE0003647,0,0,0
DB00438,BE0001066,0,0,1
DB00439,BE0001032,1,0,0
DB00439,BE0001069,1,0,0
DB00439,BE0001067,1,0,0
DB00439,BE0001004,1,0,1
DB00439,BE0000703,1,0,0
DB00440,BE0001032,1,0,0
DB00440,BE0003657,1,0,1
DB00440,BE0004752,1,0,1
DB00441,BE0001032,1,0,0
DB00441,BE0003651,1,0,0
DB00441,BE0001204,1,0,0
DB00441,BE0004705,0,0,0
DB00441,BE0004706,0,0,0
DB00441,BE0003672,1,0,0
DB00443,BE0001032,1,0,0
DB00444,BE0003640,1,0,0
DB00444,BE0001067,1,0,0
DB00445,BE0000785,1,0,0
DB00446,BE0001066,0,0,1
DB00447,BE0001018,0,0,1
DB00447,BE0001134,0,0,1
DB00448,BE0001067,0,0,1
DB00448,BE0001032,1,0,1
DB00448,BE0003645,0,0,1
DB00448,BE0003648,0,0,0
DB00448,BE0003647,0,0,0
DB00448,BE0003650,0,0,0
DB00451,BE0003660,1,0,0
DB00451,BE0000178,0,0,1
DB00451,BE0001032,0,1,0
DB00451,BE0003642,1,0,0
DB00451,BE0001004,0,0,1
DB00451,BE0003659,0,0,1
DB00451,BE0003656,1,0,0
DB00451,BE0000222,0,0,0
DB00451,BE0001042,0,0,1
DB00454,BE0001032,1,0,0
DB00455,BE0001032,1,0,1
DB00455,BE0000703,1,0,0
DB00456,BE0000106,0,0,1
DB00456,BE0001018,0,0,1
DB00456,BE0001134,0,0,1
DB00456,BE0001066,0,0,1
DB00456,BE0003645,0,0,1
DB00456,BE0000879,0,0,1
DB00456,BE0003646,0,0,1
DB00457,BE0003648,1,0,1
DB00457,BE0003650,0,0,1
DB00457,BE0001032,1,0,1
DB00457,BE0001067,1,0,0
DB00458,BE0001032,1,0,0
DB00458,BE0003647,0,0,1
DB00458,BE0003650,0,0,1
DB00458,BE0000757,0,0,1
DB00468,BE0003647,0,0,1
DB00468,BE0003648,1,0,1
DB00468,BE0000106,0,0,1
DB00468,BE0001032,1,0,1
DB00468,BE0003642,0,0,1
DB00468,BE0000757,0,0,1
DB00468,BE0001004,0,0,1
DB00469,BE0003645,0,0,1
DB00470,BE0001067,0,0,1
DB00470,BE0001032,0,0,1
DB00470,BE0000785,0,0,1
DB00471,BE0001042,1,0,0
DB00472,BE0001032,0,0,1
DB00476,BE0001032,0,0,1
DB00477,BE0001032,1,0,1
DB00477,BE0000703,0,0,1
DB00480,BE0001032,1,0,0
DB00481,BE0001004,1,0,0
DB00481,BE0003659,1,0,0
DB00481,BE0001032,1,0,0
DB00481,BE0001067,1,0,0
DB00481,BE0001069,1,0,0
DB00481,BE0001061,1,0,0
DB00481,BE0001188,1,0,0
DB00482,BE0001188,0,0,1
DB00482,BE0000703,0,0,1
DB00482,BE0001032,1,0,0
DB00482,BE0001067,1,0,0
DB00485,BE0001018,0,0,1
DB00485,BE0001134,0,0,1
DB00490,BE0001032,0,0,1
DB00492,BE0001018,1,0,0
DB00492,BE0001134,1,0,0
DB00493,BE0001018,0,0,1
DB00493,BE0001134,0,0,1
DB00493,BE0001066,0,0,1
DB00493,BE0003645,0,0,1
DB00493,BE0000879,0,0,1
DB00493,BE0003646,0,0,1
DB00495,BE0003647,0,0,0
DB00495,BE0001066,1,0,0
DB00495,BE0003646,0,0,0
DB00495,BE0003645,1,0,1
DB00495,BE0000879,0,0,0
DB00495,BE0004705,0,0,0
DB00495,BE0004706,0,0,0
DB00495,BE0001032,1,0,0
DB00495,BE0001188,1,0,0
DB00495,BE0003639,1,0,0
DB00495,BE0001067,1,0,0
DB00499,BE0000785,1,0,0
DB00500,BE0001066,0,0,1
DB00501,BE0001032,1,1,0
DB00501,BE0003647,1,0,1
DB00501,BE0003648,1,0,1
DB00501,BE0003650,1,0,1
DB00501,BE0000106,0,0,1
DB00501,BE0001066,1,0,1
DB00501,BE0003645,1,0,1
DB00501,BE0003657,1,0,1
DB00501,BE0000757,0,0,1
DB00501,BE0000879,0,0,1
DB00501,BE0003646,1,0,1
DB00501,BE0000703,0,0,1
DB00501,BE0004752,1,0,1
DB00502,BE0001032,1,0,1
DB00503,BE0001032,1,1,1
DB00503,BE0000785,0,1,1
DB00503,BE0003642,0,0,1
DB00503,BE0001069,1,0,0
DB00503,BE0001067,0,0,1
DB00503,BE0001004,0,0,1
DB00503,BE0001042,0,0,1
DB00503,BE0000703,0,0,1
DB00503,BE0003659,0,0,1
DB00508,BE0001032,0,0,1
DB00509,BE0001004,0,0,0
DB00509,BE0003660,0,0,0
DB00509,BE0003656,0,0,0
DB00509,BE0003653,0,0,0
DB00509,BE0000222,0,0,0
DB00515,BE0001061,0,1,0
DB00515,BE0003639,0,1,0
DB00515,BE0001069,0,1,0
DB00515,BE0003647,1,0,1
DB00515,BE0003649,1,0,0
DB00515,BE0003662,1,0,0
DB00515,BE0003640,1,0,0
DB00515,BE0003664,1,0,0
DB00515,BE0003666,1,0,0
DB00515,BE0001067,1,0,0
DB00518,BE0001032,1,0,0
DB00519,BE0001018,1,0,0
DB00519,BE0001134,1,0,0
DB00520,BE0003648,0,0,0
DB00520,BE0001032,0,0,1
DB00520,BE0001066,0,0,1
DB00520,BE0001004,0,0,1
DB00520,BE0003659,1,0,0
DB00523,BE0001032,1,0,0
DB00526,BE0003647,1,0,0
DB00526,BE0003649,1,0,0
DB00526,BE0003650,1,0,0
DB00526,BE0001067,1,0,0
DB00526,BE0001069,1,0,0
DB00526,BE0003664,1,0,0
DB00526,BE0003666,1,0,0
DB00529,BE0001066,0,0,1
DB00529,BE0000669,1,0,0
DB00530,BE0001067,0,0,1
DB00530,BE0001032,1,0,1
DB00530,BE0001042,0,0,1
DB00533,BE0001188,0,0,1
DB00535,BE0000106,0,0,1
DB00535,BE0001018,1,0,1
DB00535,BE0001134,0,0,1
DB00535,BE0001066,1,0,0
DB00535,BE0003645,1,0,0
DB00536,BE0003647,0,0,1
DB00536,BE0003648,0,0,1
DB00536,BE0003650,1,0,1
DB00536,BE0000106,0,0,1
DB00536,BE0003645,0,0,1
DB00536,BE0000757,0,0,1
DB00536,BE0003657,1,0,0
DB00536,BE0004752,0,0,0
DB00537,BE0001032,1,0,0
DB00537,BE0003657,1,0,1
DB00537,BE0004752,0,0,1
DB00539,BE0001032,1,0,0
DB00540,BE0000486,1,0,1
DB00540,BE0001032,1,0,0
DB00541,BE0001032,1,1,1
DB00541,BE0001061,0,0,1
DB00541,BE0003650,0,0,1
DB00541,BE0000785,1,0,1
DB00541,BE0003651,1,0,1
DB00541,BE0001069,1,0,1
DB00541,BE0000703,1,0,0
DB00541,BE0001067,1,0,0
DB00541,BE0004770,1,0,0
DB00541,BE0001004,0,0,1
DB00541,BE0003659,0,0,1
DB00542,BE0001018,1,0,0
DB00542,BE0001134,1,0,0
DB00544,BE0003646,1,0,0
DB00544,BE0001204,1,0,0
DB00544,BE0001067,1,0,0
DB00544,BE0001061,1,0,0
DB00544,BE0001188,1,0,0
DB00544,BE0003639,1,0,0
DB00549,BE0001067,0,0,0
DB00554,BE0001066,0,0,1
DB00554,BE0003645,0,0,1
DB00554,BE0000879,0,0,1
DB00554,BE0001042,0,0,1
DB00555,BE0001032,1,0,1
DB00555,BE0003647,0,0,1
DB00555,BE0003648,1,0,0
DB00557,BE0001032,1,0,0
DB00559,BE0000703,0,0,1
DB00563,BE0001061,1,0,1
DB00563,BE0001188,1,0,1
DB00563,BE0000785,1,0,1
DB00563,BE0001066,1,0,1
DB00563,BE0003651,0,0,1
DB00563,BE0003645,1,0,1
DB00563,BE0001069,1,0,1
DB00563,BE0001032,1,0,0
DB00563,BE0003642,1,0,0
DB00563,BE0000669,1,0,0
DB00563,BE0003658,1,0,0
DB00563,BE0003659,1,0,0
DB00563,BE0000879,1,0,0
DB00563,BE0003660,1,0,0
DB00563,BE0003661,1,0,0
DB00563,BE0001067,1,0,0
DB00563,BE0003646,1,0,0
DB00563,BE0001048,1,0,1
DB00563,BE0001004,1,0,0
DB00563,BE0003653,0,0,0
DB00563,BE0004711,1,0,0
DB00563,BE0003405,1,0,0
DB00563,BE0000271,1,0,0
DB00563,BE0001018,1,0,0
DB00563,BE0000536,1,0,0
DB00564,BE0001032,0,1,0
DB00564,BE0004770,1,0,0
DB00564,BE0001069,1,0,0
DB00567,BE0000106,0,0,1
DB00567,BE0001018,1,0,1
DB00567,BE0001134,0,0,1
DB00567,BE0001066,1,0,1
DB00567,BE0003657,1,0,0
DB00567,BE0003645,0,0,1
DB00570,BE0001032,1,1,1
DB00570,BE0000785,1,1,1
DB00570,BE0001069,1,1,1
DB00570,BE0003640,0,0,1
DB00570,BE0000703,1,0,1
DB00570,BE0001004,0,0,1
DB00571,BE0003647,0,0,1
DB00571,BE0001032,1,0,0
DB00572,BE0000703,1,0,0
DB00575,BE0003650,0,0,1
DB00575,BE0000106,0,0,1
DB00575,BE0000757,0,0,1
DB00577,BE0001018,1,0,1
DB00577,BE0001134,1,0,1
DB00577,BE0003645,1,0,0
DB00577,BE0001066,0,0,0
DB00577,BE0000423,0,0,0
DB00577,BE0003643,1,0,0
DB00578,BE0001066,0,0,1
DB00583,BE0000757,1,0,1
DB00583,BE0001004,0,0,1
DB00583,BE0000106,1,0,0
DB00583,BE0003669,1,0,0
DB00583,BE0003645,1,0,0
DB00584,BE0001032,0,0,1
DB00584,BE0001018,1,0,1
DB00584,BE0001066,0,0,1
DB00584,BE0003645,0,0,1
DB00584,BE0003646,0,0,1
DB00584,BE0003642,1,0,0
DB00585,BE0001032,1,0,0
DB00586,BE0001066,0,0,1
DB00586,BE0001188,0,0,1
DB00586,BE0000785,0,0,1
DB00586,BE0003645,0,0,1
DB00586,BE0000879,0,0,1
DB00586,BE0003660,0,0,1
DB00586,BE0001004,0,0,1
DB00586,BE0000703,1,0,0
DB00586,BE0002083,0,0,1
DB00586,BE0000353,0,0,1
DB00586,BE0000897,0,0,0
DB00586,BE0002398,0,0,0
DB00586,BE0001032,0,1,0
DB00588,BE0001032,1,0,0
DB00588,BE0001004,0,0,1
DB00590,BE0001032,0,0,1
DB00590,BE0003648,0,0,1
DB00594,BE0003647,0,0,1
DB00594,BE0000757,0,0,1
DB00595,BE0001066,1,0,1
DB00595,BE0003645,1,0,0
DB00595,BE0000879,1,0,1
DB00595,BE0003646,1,0,1
DB00598,BE0002369,0,0,0
DB00601,BE0001066,0,0,1
DB00601,BE0003645,0,0,1
DB00602,BE0001032,1,1,1
DB00602,BE0000785,0,0,1
DB00602,BE0001069,0,0,1
DB00602,BE0001067,1,0,0
DB00602,BE0001004,0,0,1
DB00602,BE0003659,0,0,1
DB00603,BE0001032,0,0,1
DB00605,BE0001066,0,0,1
DB00606,BE0001066,0,0,1
DB00607,BE0001066,0,0,1
DB00608,BE0001032,1,0,1
DB00612,BE0001032,1,0,1
DB00613,BE0001032,0,0,1
DB00615,BE0001032,0,1,0
DB00619,BE0003648,1,0,0
DB00619,BE0001032,1,0,1
DB00619,BE0003647,0,0,1
DB00619,BE0001067,1,0,1
DB00619,BE0003671,1,0,0
DB00619,BE0000703,1,0,0
DB00619,BE0001069,1,0,0
DB00619,BE0000785,1,0,1
DB00619,BE0000106,1,0,0
DB00619,BE0003659,1,0,0
DB00619,BE0001188,1,0,0
DB00619,BE0003642,1,0,0
DB00622,BE0001032,1,0,1
DB00622,BE0001004,0,0,1
DB00622,BE0000703,1,0,0
DB00623,BE0001032,0,0,1
DB00624,BE0003645,0,1,0
DB00624,BE0003646,0,0,1
DB00624,BE0003644,0,0,1
DB00624,BE0001067,1,0,0
DB00624,BE0003659,1,0,0
DB00625,BE0000703,1,0,0
DB00625,BE0003648,0,0,1
DB00626,BE0009705,1,0,0
DB00626,BE0009706,1,0,0
DB00626,BE0009707,1,0,0
DB00627,BE0000106,0,0,1
DB00627,BE0001042,0,0,1
DB00627,BE0000669,1,0,0
DB00627,BE0004708,0,0,0
DB00627,BE0000449,0,0,0
DB00631,BE0001067,1,0,0
DB00635,BE0001032,1,1,0
DB00635,BE0003642,0,0,1
DB00637,BE0001032,0,0,1
DB00637,BE0000703,1,0,0
DB00640,BE0001204,1,0,0
DB00640,BE0004706,1,0,0
DB00640,BE0010035,1,0,0
DB00640,BE0004775,1,0,0
DB00640,BE0004705,1,0,0
DB00640,BE0004781,1,0,0
DB00640,BE0001095,1,0,0
DB00640,BE0003672,0,0,0
DB00641,BE0001032,0,0,1
DB00641,BE0003642,0,0,1
DB00641,BE0001004,1,0,1
DB00641,BE0001069,1,0,0
DB00641,BE0000703,1,0,0
DB00641,BE0001042,0,0,0
DB00641,BE0003659,0,0,0
DB00642,BE0003645,1,0,0
DB00642,BE0004711,1,0,0
DB00642,BE0001048,1,0,0
DB00642,BE0001067,0,0,0
DB00642,BE0003639,0,0,0
DB00642,BE0001066,1,0,0
DB00642,BE0000879,1,0,0
DB00646,BE0001004,0,0,1
DB00646,BE0003659,0,0,1
DB00648,BE0001032,0,0,1
DB00649,BE0001066,1,0,0
DB00649,BE0004705,0,0,0
DB00650,BE0003645,1,0,1
DB00652,BE0001032,1,0,0
DB00654,BE0003655,1,0,0
DB00654,BE0001066,1,0,1
DB00654,BE0003645,0,0,1
DB00655,BE0001042,0,0,1
DB00655,BE0001032,1,1,0
DB00655,BE0003642,0,0,1
DB00655,BE0001067,0,0,1
DB00655,BE0001004,0,0,1
DB00655,BE0003645,1,0,0
DB00656,BE0001032,0,1,0
DB00659,BE0001066,1,0,0
DB00661,BE0001032,1,0,1
DB00661,BE0003648,0,0,1
DB00661,BE0000757,0,0,1
DB00661,BE0000106,0,0,1
DB00661,BE0001061,0,0,1
DB00661,BE0001004,0,0,1
DB00661,BE0003642,0,0,1
DB00661,BE0000785,0,0,1
DB00661,BE0001188,0,0,1
DB00661,BE0003651,0,0,1
DB00661,BE0003657,0,0,1
DB00661,BE0004752,0,0,1
DB00668,BE0003647,1,0,0
DB00668,BE0003648,1,0,0
DB00669,BE0003642,0,1,0
DB00669,BE0001032,1,0,0
DB00669,BE0001067,1,0,0
DB00669,BE0001004,1,0,0
DB00671,BE0000106,0,0,1
DB00671,BE0001018,1,0,1
DB00671,BE0001134,0,0,1
DB00672,BE0001018,0,0,1
DB00672,BE0001134,0,0,1
DB00672,BE0001066,0,0,1
DB00674,BE0001032,0,0,1
DB00675,BE0001032,1,1,1
DB00675,BE0001067,1,0,0
DB00675,BE0001069,1,0,0
DB00675,BE0000703,0,0,1
DB00675,BE0000119,1,0,0
DB00678,BE0001032,1,0,1
DB00678,BE0001066,0,0,1
DB00678,BE0004782,0,0,1
DB00678,BE0004783,0,0,1
DB00678,BE0000703,1,0,0
DB00688,BE0001004,1,0,0
DB00688,BE0003659,1,0,0
DB00688,BE0001067,1,0,0
DB00688,BE0001032,1,0,0
DB00688,BE0001069,0,0,0
DB00689,BE0000106,0,0,1
DB00690,BE0001032,0,0,1
DB00690,BE0003647,0,0,1
DB00691,BE0001018,1,0,0
DB00691,BE0001134,1,0,0
DB00693,BE0001066,1,0,1
DB00693,BE0000703,1,0,0
DB00693,BE0000785,1,0,0
DB00694,BE0001032,1,1,1
DB00694,BE0000785,1,0,1
DB00694,BE0003651,1,0,0
DB00694,BE0001067,1,0,0
DB00694,BE0003640,1,0,0
DB00695,BE0001066,0,1,1
DB00695,BE0000106,0,0,1
DB00695,BE0003645,0,0,1
DB00695,BE0001069,0,0,1
DB00695,BE0003655,0,0,1
DB00695,BE0000879,0,0,1
DB00696,BE0001032,0,0,1
DB00698,BE0001067,1,0,0
DB00698,BE0000703,1,0,0
DB00698,BE0001032,1,0,0
DB00698,BE0001069,0,0,0
DB00701,BE0001032,1,1,0
DB00701,BE0000785,0,0,1
DB00701,BE0001004,0,0,1
DB00703,BE0001066,0,0,1
DB00709,BE0000785,0,0,1
DB00709,BE0001066,1,0,0
DB00709,BE0001067,1,0,0
DB00709,BE0003648,1,0,0
DB00709,BE0003647,1,0,0
DB00709,BE0003650,1,0,0
DB00709,BE0001032,1,0,0
DB00709,BE0001188,1,0,0
DB00709,BE0001061,1,0,0
DB00709,BE0001069,0,0,0
DB00712,BE0001188,0,0,1
DB00712,BE0001066,0,0,1
DB00713,BE0001018,0,0,1
DB00713,BE0001134,0,0,1
DB00714,BE0000118,0,1,0
DB00715,BE0001032,0,0,1
DB00717,BE0001032,0,0,1
DB00718,BE0001066,1,0,1
DB00718,BE0001188,1,0,0
DB00718,BE0003639,1,0,0
DB00718,BE0003650,1,0,0
DB00721,BE0000647,0,0,1
DB00721,BE0000486,0,0,1
DB00721,BE0000749,0,0,1
DB00722,BE0001018,1,0,1
DB00722,BE0001134,1,0,0
DB00726,BE0001032,1,0,0
DB00728,BE0003648,1,0,0
DB00728,BE0003642,1,0,0
DB00731,BE0001188,1,0,0
DB00731,BE0000669,1,0,0
DB00731,BE0001018,0,0,1
DB00731,BE0001134,0,0,1
DB00731,BE0001066,0,0,1
DB00734,BE0001032,1,0,0
DB00736,BE0001032,1,0,1
DB00736,BE0003645,0,0,1
DB00740,BE0001067,1,0,0
DB00741,BE0001032,1,1,0
DB00741,BE0003642,0,0,1
DB00741,BE0003645,1,0,0
DB00749,BE0001066,0,0,1
DB00751,BE0001032,1,0,0
DB00755,BE0000508,1,0,0
DB00755,BE0000782,1,0,0
DB00758,BE0001032,1,0,0
DB00758,BE0003648,0,0,1
DB00758,BE0003647,0,0,1
DB00759,BE0001066,0,0,1
DB00759,BE0003645,1,0,1
DB00759,BE0000879,0,0,1
DB00759,BE0003646,0,0,1
DB00759,BE0001042,0,0,1
DB00761,BE0000281,1,0,0
DB00761,BE0000502,1,0,0
DB00761,BE0000047,1,0,0
DB00761,BE0000140,1,0,0
DB00761,BE0000276,1,0,0
DB00761,BE0000601,1,0,0
DB00762,BE0003650,0,0,1
DB00762,BE0001004,0,0,1
DB00762,BE0000785,1,0,0
DB00762,BE0001067,1,0,0
DB00762,BE0001032,1,0,0
DB00762,BE0001069,1,0,0
DB00766,BE0004754,0,1,0
DB00768,BE0001032,1,0,0
DB00770,BE0003639,0,0,1
DB00770,BE0001042,0,0,1
DB00770,BE0003661,0,0,1
DB00770,BE0001188,1,0,0
DB00770,BE0003655,1,0,0
DB00770,BE0001066,1,0,1
DB00773,BE0001061,1,0,1
DB00773,BE0003640,1,0,1
DB00773,BE0001032,1,0,1
DB00773,BE0000785,1,0,1
DB00773,BE0003651,1,0,1
DB00773,BE0001069,1,0,1
DB00773,BE0001067,1,0,0
DB00774,BE0001066,1,0,1
DB00774,BE0003645,1,0,1
DB00776,BE0001032,1,0,0
DB00779,BE0001066,0,0,1
DB00781,BE0001134,0,0,0
DB00783,BE0003647,0,0,1
DB00783,BE0003650,0,0,1
DB00783,BE0003651,0,0,1
DB00783,BE0000879,0,0,1
DB00783,BE0001067,0,0,1
DB00783,BE0001004,0,0,1
DB00783,BE0001032,1,0,0
DB00783,BE0003645,1,0,0
DB00783,BE0003659,0,0,0
DB00783,BE0003660,1,0,0
DB00787,BE0003648,1,0,1
DB00787,BE0001066,1,0,1
DB00787,BE0003645,1,0,1
DB00787,BE0003643,1,0,0
DB00787,BE0003657,1,0,0
DB00787,BE0004752,1,0,0
DB00788,BE0003642,0,0,1
DB00788,BE0001066,0,0,1
DB00788,BE0000703,1,0,0
DB00788,BE0001032,0,0,1
DB00788,BE0003645,0,0,0
DB00790,BE0001018,1,0,0
DB00790,BE0001134,1,0,0
DB00794,BE0009808,0,0,1
DB00795,BE0001067,1,0,1
DB00795,BE0001069,1,0,0
DB00795,BE0001048,0,0,1
DB00795,BE0001004,0,0,1
DB00795,BE0003659,0,0,1
DB00795,BE0001042,0,0,1
DB00796,BE0001032,0,0,1
DB00798,BE0003647,1,0,0
DB00798,BE0000942,1,0,0
DB00798,BE0001069,1,0,0
DB00802,BE0001032,0,0,1
DB00811,BE0003672,1,0,0
DB00811,BE0001204,1,0,0
DB00812,BE0001066,0,0,1
DB00812,BE0003645,0,0,1
DB00812,BE0000879,0,0,1
DB00813,BE0001032,0,0,1
DB00814,BE0001188,0,0,0
DB00818,BE0001032,0,1,0
DB00819,BE0001066,0,0,1
DB00821,BE0001066,0,0,1
DB00822,BE0000703,1,0,0
DB00827,BE0001066,0,0,1
DB00829,BE0001032,1,0,0
DB00831,BE0001032,0,0,1
DB00833,BE0001018,0,0,1
DB00833,BE0001134,0,0,1
DB00833,BE0003645,1,0,1
DB00833,BE0000703,1,0,0
DB00834,BE0001032,0,1,1
DB00834,BE0000785,0,0,1
DB00834,BE0000703,1,0,0
DB00834,BE0001004,0,0,1
DB00834,BE0003659,0,0,1
DB00836,BE0001032,1,0,0
DB00843,BE0001067,1,0,0
DB00845,BE0001032,1,0,1
DB00845,BE0001067,0,0,1
DB00845,BE0000785,0,0,1
DB00852,BE0000486,0,0,1
DB00852,BE0000647,0,0,1
DB00852,BE0000749,0,0,1
DB00853,BE0001032,1,0,0
DB00853,BE0001067,1,0,0
DB00855,BE0001018,0,0,1
DB00855,BE0001134,0,0,1
DB00857,BE0009791,1,0,0
DB00859,BE0001004,1,0,0
DB00860,BE0003642,0,0,1
DB00860,BE0001032,1,0,0
DB00861,BE0001066,0,0,1
DB00862,BE0001032,1,0,1
DB00863,BE0003648,1,0,1
DB00863,BE0001032,1,0,1
DB00863,BE0003645,1,0,0
DB00863,BE0003647,1,0,0
DB00864,BE0001032,1,1,1
DB00864,BE0003670,1,0,0
DB00864,BE0001004,0,0,1
DB00870,BE0004782,0,0,1
DB00871,BE0000106,1,0,0
DB00871,BE0003647,1,0,0
DB00872,BE0001032,0,0,1
DB00875,BE0001032,0,0,1
DB00876,BE0001069,0,1,0
DB00877,BE0001032,1,1,1
DB00877,BE0001004,0,0,1
DB00877,BE0003657,0,0,0
DB00879,BE0003657,1,0,0
DB00880,BE0001066,0,0,1
DB00881,BE0001018,1,0,0
DB00881,BE0001134,1,0,0
DB00881,BE0003645,1,0,0
DB00882,BE0001032,1,0,0
DB00887,BE0003644,1,0,1
DB00887,BE0001066,1,0,1
DB00887,BE0003645,0,0,1
DB00887,BE0000879,0,0,1
DB00887,BE0003646,0,0,1
DB00887,BE0003642,1,0,0
DB00900,BE0001066,1,0,0
DB00900,BE0001204,0,0,0
DB00900,BE0004706,0,0,0
DB00903,BE0001066,0,0,1
DB00907,BE0003647,0,0,1
DB00907,BE0000647,0,0,1
DB00908,BE0003647,0,0,1
DB00908,BE0003648,0,0,1
DB00908,BE0000106,0,0,1
DB00908,BE0001032,1,0,1
DB00908,BE0003642,0,0,1
DB00908,BE0003645,0,0,1
DB00908,BE0001069,0,0,1
DB00908,BE0000757,0,0,1
DB00908,BE0001004,0,0,1
DB00908,BE0000703,0,0,1
DB00909,BE0001032,0,0,1
DB00911,BE0000703,1,0,0
DB00912,BE0001004,1,0,0
DB00912,BE0000703,1,0,0
DB00914,BE0003647,0,0,1
DB00914,BE0003648,1,0,0
DB00915,BE0003647,1,0,1
DB00915,BE0003648,1,0,1
DB00916,BE0001032,0,0,1
DB00917,BE0003647,0,0,1
DB00917,BE0003639,0,0,1
DB00917,BE0001066,1,0,1
DB00917,BE0003645,1,0,1
DB00917,BE0000879,0,0,1
DB00917,BE0003646,1,0,1
DB00917,BE0001188,1,0,0
DB00917,BE0001042,1,0,0
DB00917,BE0003642,1,0,0
DB00917,BE0003667,1,0,0
DB00917,BE0003668,1,0,0
DB00917,BE0003655,1,0,0
DB00917,BE0003656,1,0,0
DB00917,BE0003660,1,0,0
DB00917,BE0003661,1,0,0
DB00917,BE0001004,1,0,0
DB00921,BE0001032,0,0,1
DB00921,BE0001067,0,0,1
DB00925,BE0003647,0,0,1
DB00925,BE0003648,0,0,1
DB00925,BE0003650,0,0,1
DB00927,BE0001066,1,0,0
DB00927,BE0003645,1,0,1
DB00927,BE0003647,0,0,1
DB00927,BE0003657,0,0,1
DB00932,BE0000703,1,0,1
DB00932,BE0001042,0,0,1
DB00932,BE0001004,0,0,1
DB00932,BE0003659,0,0,1
DB00932,BE0001032,1,1,1
DB00936,BE0001066,0,0,1
DB00936,BE0003652,0,0,1
DB00936,BE0003645,0,0,1
DB00936,BE0000879,0,0,1
DB00936,BE0001042,1,0,0
DB00936,BE0000669,1,0,0
DB00936,BE0003646,1,0,0
DB00938,BE0003648,1,0,1
DB00938,BE0003650,0,0,1
DB00938,BE0003647,0,0,1
DB00939,BE0001066,0,0,1
DB00939,BE0003660,0,0,1
DB00943,BE0001066,1,0,0
DB00943,BE0003646,1,0,0
DB00943,BE0001204,0,0,0
DB00943,BE0004706,0,0,0
DB00945,BE0001066,0,0,1
DB00945,BE0001032,1,1,0
DB00945,BE0003645,0,0,1
DB00950,BE0001032,1,0,0
DB00950,BE0001004,1,0,0
DB00950,BE0003659,1,0,0
DB00950,BE0001042,1,0,0
DB00950,BE0003642,1,0,0
DB00950,BE0001069,1,0,0
DB00950,BE0001061,1,0,0
DB00950,BE0003645,1,0,0
DB00957,BE0001069,0,0,1
DB00957,BE0001032,0,0,1
DB00958,BE0003649,1,0,0
DB00958,BE0003662,1,0,0
DB00958,BE0003666,1,0,0
DB00958,BE0003664,1,0,0
DB00958,BE0001067,1,0,0
DB00958,BE0001069,1,0,0
DB00959,BE0001032,1,1,0
DB00960,BE0003647,1,0,0
DB00966,BE0001032,0,0,1
DB00966,BE0001069,0,0,1
DB00966,BE0001067,0,0,1
DB00966,BE0000703,1,0,0
DB00967,BE0001032,0,0,1
DB00968,BE0001018,0,0,1
DB00970,BE0000106,0,0,1
DB00970,BE0001032,1,0,1
DB00970,BE0003640,1,0,0
DB00970,BE0000785,1,0,0
DB00970,BE0001067,1,0,0
DB00972,BE0001032,0,0,1
DB00973,BE0001032,1,0,0
DB00973,BE0001069,1,0,0
DB00973,BE0001061,1,0,0
DB00973,BE0001004,1,0,0
DB00973,BE0001067,1,0,0
DB00973,BE0000703,1,0,0
DB00975,BE0001188,0,0,1
DB00975,BE0003639,0,0,1
DB00975,BE0001032,1,0,1
DB00975,BE0001004,0,0,1
DB00975,BE0003659,0,0,1
DB00975,BE0001042,0,0,1
DB00975,BE0000703,1,0,0
DB00976,BE0001004,0,0,1
DB00976,BE0003659,0,0,1
DB00977,BE0000703,0,0,1
DB00977,BE0003644,0,0,1
DB00977,BE0001069,0,1,1
DB00977,BE0001032,1,0,0
DB00977,BE0003642,0,0,1
DB00978,BE0000106,0,0,1
DB00978,BE0001069,0,0,1
DB00983,BE0003648,1,0,1
DB00983,BE0003650,0,0,1
DB00983,BE0000757,1,0,0
DB00983,BE0000106,1,0,0
DB00986,BE0003647,1,0,0
DB00986,BE0003657,1,0,0
DB00987,BE0000757,1,0,0
DB00987,BE0003651,1,0,0
DB00987,BE0001204,1,0,0
DB00988,BE0003647,1,0,1
DB00988,BE0003648,1,0,0
DB00988,BE0003650,0,0,1
DB00988,BE0000106,0,0,1
DB00988,BE0003665,1,0,0
DB00993,BE0004706,1,0,0
DB00993,BE0003672,1,0,0
DB00993,BE0001032,1,0,0
DB00993,BE0009810,1,0,0
DB00996,BE0000222,1,0,0
DB00997,BE0001032,1,1,1
DB00997,BE0000785,1,0,1
DB00997,BE0001061,0,0,1
DB00997,BE0003640,1,0,1
DB00997,BE0001067,1,0,0
DB00997,BE0003669,1,0,0
DB00997,BE0003651,0,0,1
DB00997,BE0003673,1,0,0
DB00997,BE0000703,1,0,0
DB00997,BE0004770,1,0,0
DB00997,BE0001069,1,0,0
DB00999,BE0001066,1,0,1
DB00999,BE0003645,1,0,0
DB00999,BE0000879,1,0,0
DB00999,BE0001188,1,0,0
DB01000,BE0000106,0,0,1
DB01000,BE0001018,0,0,1
DB01000,BE0001134,0,0,1
DB01004,BE0003648,1,0,1
DB01004,BE0001066,0,0,1
DB01004,BE0003645,0,0,1
DB01004,BE0003646,0,0,1
DB01004,BE0003657,1,0,0
DB01004,BE0004752,1,0,0
DB01006,BE0001032,1,0,0
DB01009,BE0001188,0,0,1
DB01009,BE0003642,0,0,1
DB01009,BE0001066,0,0,1
DB01009,BE0003645,0,0,1
DB01009,BE0000879,0,0,1
DB01009,BE0003646,0,0,1
DB01011,BE0001061,0,1,0
DB01015,BE0000703,0,0,1
DB01016,BE0001061,0,0,1
DB01016,BE0000703,1,0,1
DB01016,BE0001032,0,0,1
DB01016,BE0000785,0,0,1
DB01016,BE0001018,0,0,1
DB01016,BE0003642,0,0,1
DB01016,BE0001134,0,0,1
DB01016,BE0001066,0,0,1
DB01016,BE0001069,0,0,1
DB01016,BE0001067,1,0,0
DB01016,BE0003646,0,0,1
DB01016,BE0001042,1,0,0
DB01017,BE0001570,1,0,0
DB01017,BE0009852,1,0,0
DB01017,BE0001066,0,0,1
DB01017,BE0003646,0,0,1
DB01018,BE0003657,0,0,1
DB01018,BE0003648,1,0,1
DB01018,BE0003647,1,0,0
DB01023,BE0001032,0,0,1
DB01023,BE0000703,1,0,0
DB01026,BE0001032,0,0,1
DB01026,BE0001004,0,0,1
DB01026,BE0000703,0,0,1
DB01030,BE0001067,1,0,0
DB01030,BE0001032,1,0,0
DB01030,BE0003657,1,0,1
DB01030,BE0004752,1,0,0
DB01032,BE0003647,0,0,1
DB01032,BE0003648,0,0,1
DB01032,BE0001061,0,0,1
DB01032,BE0001188,0,0,1
DB01032,BE0003639,0,0,1
DB01032,BE0000440,0,0,1
DB01032,BE0000106,0,0,1
DB01032,BE0003640,0,0,1
DB01032,BE0000785,0,0,1
DB01032,BE0003642,0,0,1
DB01032,BE0000669,0,0,1
DB01032,BE0003644,0,0,1
DB01032,BE0001066,1,0,1
DB01032,BE0003652,0,0,1
DB01032,BE0003645,0,0,1
DB01032,BE0001069,1,0,1
DB01032,BE0003658,0,0,1
DB01032,BE0000879,0,0,1
DB01032,BE0003660,0,0,1
DB01032,BE0003646,0,0,1
DB01032,BE0004782,0,0,1
DB01032,BE0004783,0,0,1
DB01033,BE0003645,1,0,1
DB01033,BE0001188,1,0,0
DB01033,BE0003639,1,0,0
DB01033,BE0004781,1,0,0
DB01033,BE0003672,1,0,0
DB01033,BE0001204,1,0,0
DB01033,BE0004706,1,0,0
DB01035,BE0003647,0,0,1
DB01035,BE0003648,0,0,1
DB01035,BE0003650,0,0,1
DB01035,BE0000106,0,0,1
DB01035,BE0000757,0,0,1
DB01035,BE0003657,1,0,0
DB01035,BE0004752,1,0,0
DB01037,BE0001032,0,0,1
DB01039,BE0000703,1,0,0
DB01042,BE0003650,0,0,1
DB01042,BE0000222,0,0,0
DB01043,BE0003647,1,0,0
DB01043,BE0000752,0,0,0
DB01043,BE0000757,0,0,0
DB01043,BE0003657,0,0,0
DB01045,BE0001032,0,1,0
DB01045,BE0003659,1,0,1
DB01045,BE0000785,0,0,1
DB01045,BE0003646,0,0,1
DB01045,BE0001004,0,0,1
DB01045,BE0001061,0,1,0
DB01045,BE0003639,0,1,0
DB01045,BE0001042,0,0,1
DB01045,BE0003642,0,0,1
DB01045,BE0000703,0,0,1
DB01045,BE0001069,0,1,0
DB01045,BE0001066,0,0,1
DB01045,BE0003645,0,0,1
DB01050,BE0001042,1,0,0
DB01050,BE0001032,1,0,0
DB01050,BE0001188,0,0,1
DB01050,BE0000785,0,0,1
DB01050,BE0003642,0,0,1
DB01050,BE0001066,0,0,1
DB01050,BE0003645,0,0,1
DB01050,BE0000879,0,0,1
DB01051,BE0001066,0,0,1
DB01051,BE0003645,0,0,1
DB01051,BE0000879,0,0,1
DB01051,BE0001067,0,0,1
DB01051,BE0001004,0,0,1
DB01051,BE0003659,0,0,1
DB01051,BE0001042,0,0,1
DB01053,BE0000106,0,0,1
DB01053,BE0001018,1,0,1
DB01053,BE0001134,0,0,1
DB01053,BE0001066,0,0,1
DB01053,BE0003645,1,0,1
DB01053,BE0000757,0,0,1
DB01053,BE0000879,0,0,1
DB01053,BE0001042,1,0,0
DB01053,BE0003656,1,0,0
DB01053,BE0003661,1,0,0
DB01053,BE0001004,1,0,0
DB01054,BE0001032,0,0,1
DB01054,BE0000703,1,0,0
DB01059,BE0000106,0,0,1
DB01059,BE0001066,0,0,1
DB01060,BE0001018,0,0,1
DB01060,BE0001134,0,0,1
DB01060,BE0001066,0,0,1
DB01065,BE0003645,0,0,1
DB01067,BE0000703,1,0,0
DB01069,BE0001032,0,0,1
DB01069,BE0001061,0,0,1
DB01069,BE0001188,0,0,1
DB01072,BE0001032,1,1,1
DB01072,BE0000785,1,0,1
DB01072,BE0001004,0,0,1
DB01072,BE0003659,0,0,1
DB01072,BE0000703,1,0,0
DB01072,BE0001042,0,0,1
DB01073,BE0001204,1,0,0
DB01073,BE0003672,0,0,0
DB01075,BE0003647,0,0,1
DB01075,BE0000106,0,0,1
DB01076,BE0001032,1,0,1
DB01076,BE0003642,1,0,0
DB01076,BE0001004,1,0,1
DB01076,BE0001188,1,0,0
DB01076,BE0003639,1,0,0
DB01076,BE0000785,1,0,0
DB01076,BE0001042,1,0,0
DB01076,BE0003659,1,0,0
DB01076,BE0001069,1,0,0
DB01076,BE0000703,1,0,0
DB01079,BE0000749,1,0,1
DB01079,BE0001067,1,0,0
DB01079,BE0001032,1,0,0
DB01080,BE0000536,1,0,0
DB01086,BE0001032,0,0,1
DB01087,BE0001032,0,0,1
DB01088,BE0001042,1,0,0
DB01088,BE0003655,1,0,0
DB01088,BE0003661,1,0,0
DB01092,BE0003642,1,0,1
DB01092,BE0003645,0,0,1
DB01092,BE0003653,1,0,0
DB01092,BE0003659,1,0,0
DB01092,BE0003660,1,0,0
DB01092,BE0001004,1,0,1
DB01094,BE0001067,0,0,1
DB01095,BE0001004,1,0,1
DB01095,BE0003659,1,0,0
DB01095,BE0001042,0,0,0
DB01095,BE0001018,1,0,1
DB01095,BE0001069,1,0,0
DB01097,BE0001067,1,0,0
DB01098,BE0001188,1,0,0
DB01098,BE0003642,0,0,0
DB01098,BE0001004,1,0,1
DB01098,BE0003659,0,0,0
DB01098,BE0001042,0,0,0
DB01098,BE0000030,0,0,0
DB01098,BE0000703,1,0,0
DB01098,BE0001067,1,0,0
DB01098,BE0001069,1,0,0
DB01098,BE0003645,1,0,1
DB01098,BE0003644,0,0,0
DB01100,BE0001032,0,0,1
DB01103,BE0003647,0,0,1
DB01103,BE0001032,0,0,1
DB01104,BE0001032,0,0,1
DB01110,BE0001032,0,0,1
DB01112,BE0001018,0,0,1
DB01112,BE0001134,0,0,1
DB01114,BE0003647,0,0,1
DB01114,BE0003648,0,0,1
DB01115,BE0001061,0,1,0
DB01115,BE0001032,1,1,0
DB01115,BE0001069,0,1,0
DB01115,BE0001004,0,0,1
DB01115,BE0000703,0,0,1
DB01117,BE0001032,0,0,1
DB01118,BE0001032,0,1,1
DB01118,BE0000703,1,0,1
DB01118,BE0003647,0,0,1
DB01124,BE0001018,0,0,1
DB01124,BE0003642,0,0,1
DB01124,BE0001066,0,0,1
DB01124,BE0001134,0,0,1
DB01124,BE0001042,1,0,0
DB01126,BE0009676,0,0,0
DB01126,BE0009675,0,0,0
DB01128,BE0001032,0,0,1
DB01129,BE0001067,0,0,1
DB01132,BE0003659,0,0,1
DB01132,BE0001004,0,0,1
DB01136,BE0001032,0,0,1
DB01137,BE0001032,1,0,1
DB01137,BE0003657,1,0,1
DB01137,BE0004752,0,0,1
DB01137,BE0003648,0,0,1
DB01137,BE0003647,0,0,1
DB01137,BE0000757,0,0,1
DB01137,BE0003642,1,0,0
DB01137,BE0003653,0,0,1
DB01138,BE0001061,0,0,1
DB01138,BE0001188,0,0,1
DB01138,BE0003639,0,0,1
DB01138,BE0003640,0,0,1
DB01138,BE0000785,0,0,1
DB01138,BE0001069,1,0,1
DB01138,BE0000703,1,0,0
DB01140,BE0001018,1,0,1
DB01140,BE0000106,0,0,1
DB01140,BE0001066,0,0,1
DB01140,BE0001134,0,0,1
DB01140,BE0003645,0,0,1
DB01142,BE0001032,1,0,0
DB01147,BE0003645,1,0,1
DB01147,BE0001018,0,0,1
DB01147,BE0001134,0,0,1
DB01149,BE0001032,0,1,1
DB01149,BE0003659,0,0,1
DB01149,BE0001042,0,0,1
DB01149,BE0000703,1,0,0
DB01151,BE0001032,0,0,1
DB01151,BE0003648,0,0,1
DB01151,BE0003650,0,0,1
DB01151,BE0003647,0,0,1
DB01151,BE0000106,0,0,1
DB01151,BE0000757,0,0,1
DB01156,BE0003647,0,0,1
DB01157,BE0004711,1,0,0
DB01160,BE0003647,0,0,0
DB01160,BE0001066,0,0,0
DB01160,BE0003646,0,0,0
DB01160,BE0003645,0,0,0
DB01160,BE0000879,0,0,0
DB01160,BE0003655,0,0,0
DB01160,BE0003661,0,0,0
DB01162,BE0001032,0,0,1
DB01165,BE0000106,0,0,1
DB01165,BE0000785,0,0,1
DB01165,BE0001066,0,0,1
DB01165,BE0001069,0,0,1
DB01165,BE0000757,0,0,1
DB01165,BE0000703,1,0,0
DB01167,BE0001032,0,0,1
DB01167,BE0001042,0,0,1
DB01169,BE0001069,0,1,0
DB01169,BE0001032,0,0,1
DB01174,BE0001032,1,1,0
DB01174,BE0001061,0,1,0
DB01174,BE0000703,0,1,0
DB01174,BE0000785,0,1,0
DB01174,BE0003655,0,1,0
DB01174,BE0001069,0,1,0
DB01175,BE0001032,1,0,0
DB01177,BE0000785,0,0,1
DB01182,BE0001032,0,0,1
DB01183,BE0003642,0,0,1
DB01183,BE0001032,1,0,0
DB01184,BE0001032,1,0,0
DB01190,BE0001032,1,0,0
DB01193,BE0001032,1,0,0
DB01195,BE0001032,1,0,0
DB01195,BE0003657,1,0,1
DB01196,BE0001032,0,0,1
DB01197,BE0001032,0,0,1
DB01197,BE0001018,0,0,1
DB01197,BE0001066,1,0,1
DB01199,BE0003648,1,0,0
DB01199,BE0003647,0,0,0
DB01200,BE0001032,1,0,1
DB01202,BE0001032,1,0,0
DB01203,BE0001032,1,0,0
DB01203,BE0009712,1,0,0
DB01203,BE0004865,1,0,0
DB01203,BE0003657,1,0,0
DB01203,BE0004752,1,0,0
DB01204,BE0001032,1,1,1
DB01204,BE0000785,1,0,1
DB01204,BE0001067,1,0,0
DB01208,BE0000106,0,0,1
DB01208,BE0001069,0,0,1
DB01208,BE0001032,1,0,0
DB01211,BE0003646,0,0,1
DB01211,BE0001032,1,0,1
DB01211,BE0000703,1,0,0
DB01211,BE0001004,0,0,1
DB01211,BE0003659,0,0,1
DB01212,BE0001018,0,0,1
DB01212,BE0001134,0,0,1
DB01212,BE0001066,0,0,1
DB01212,BE0003645,0,0,1
DB01212,BE0000879,0,0,1
DB01212,BE0001032,0,0,1
DB01216,BE0009674,0,0,0
DB01217,BE0001032,1,0,0
DB01222,BE0000703,1,0,0
DB01222,BE0001032,1,0,0
DB01222,BE0003642,1,0,0
DB01222,BE0003645,1,0,0
DB01224,BE0001032,1,0,0
DB01229,BE0000703,1,0,1
DB01229,BE0001032,1,0,1
DB01229,BE0000785,0,0,1
DB01229,BE0003651,1,0,1
DB01229,BE0003659,1,0,0
DB01229,BE0001069,1,0,0
DB01232,BE0001032,1,1,1
DB01232,BE0003648,0,0,1
DB01232,BE0003642,0,0,1
DB01232,BE0001067,0,0,1
DB01232,BE0001004,0,0,1
DB01232,BE0000785,1,0,0
DB01232,BE0001069,1,0,0
DB01232,BE0001042,0,0,1
DB01232,BE0000703,1,0,0
DB01233,BE0001032,1,0,0
DB01234,BE0001032,1,1,1
DB01234,BE0003645,1,0,0
DB01234,BE0000703,0,1,0
DB01234,BE0001069,0,1,0
DB01234,BE0001067,0,0,1
DB01234,BE0003642,0,0,1
DB01235,BE0001018,0,0,1
DB01235,BE0003654,0,0,1
DB01235,BE0000222,0,0,0
DB01235,BE0000789,0,0,0
DB01237,BE0001066,0,0,0
DB01239,BE0001032,0,0,1
DB01242,BE0001032,0,0,1
DB01244,BE0001032,0,0,1
DB01248,BE0001032,1,0,0
DB01248,BE0003651,1,0,0
DB01248,BE0003659,1,0,0
DB01248,BE0003646,1,0,0
DB01248,BE0001067,1,0,0
DB01248,BE0001069,1,0,0
DB01248,BE0000785,1,0,0
DB01253,BE0001032,0,0,1
DB01254,BE0001032,1,0,1
DB01254,BE0001067,1,0,1
DB01255,BE0001018,1,0,0
DB01259,BE0001032,0,0,1
DB01259,BE0003109,0,0,1
DB01261,BE0001032,1,0,0
DB01261,BE0003645,1,0,0
DB01262,BE0004705,1,0,0
DB01263,BE0001032,1,0,1
DB01264,BE0001004,0,0,1
DB01264,BE0001032,1,1,1
DB01267,BE0001032,1,0,1
DB01268,BE0001188,0,0,1
DB01268,BE0001032,0,0,1
DB01268,BE0001069,0,0,1
DB01268,BE0001067,0,0,1
DB01273,BE0003647,1,0,1
DB01296,BE0001045,1,0,0
DB01296,BE0001057,1,0,0
DB01296,BE0000893,1,0,0
DB01296,BE0004707,1,0,0
DB01303,BE0003646,0,0,1
DB01323,BE0001032,0,1,0
DB01324,BE0001066,1,0,0
DB01324,BE0003645,1,0,0
DB01326,BE0001066,0,0,1
DB01326,BE0003645,0,0,1
DB01326,BE0000879,0,0,1
DB01326,BE0003646,0,0,1
DB01327,BE0001188,1,0,0
DB01327,BE0001066,1,0,1
DB01327,BE0003645,0,0,1
DB01327,BE0000879,0,0,1
DB01329,BE0001066,0,0,1
DB01329,BE0003645,0,0,1
DB01329,BE0000879,0,0,1
DB01329,BE0003646,0,0,1
DB01332,BE0001018,1,0,0
DB01332,BE0001066,1,0,1
DB01332,BE0003645,1,0,1
DB01333,BE0000106,0,0,1
DB01333,BE0001018,1,0,1
DB01333,BE0001134,0,0,1
DB01333,BE0001066,0,0,1
DB01333,BE0003657,1,0,0
DB01337,BE0003648,1,0,0
DB01337,BE0003647,0,0,0
DB01339,BE0001032,1,0,0
DB01340,BE0001032,0,0,1
DB01340,BE0001018,1,0,0
DB01340,BE0001134,1,0,0
DB01348,BE0001018,1,0,0
DB01348,BE0001134,1,0,0
DB01364,BE0000118,0,0,1
DB01380,BE0003642,0,0,1
DB01380,BE0001032,1,1,0
DB01380,BE0003645,1,0,0
DB01388,BE0001032,1,0,1
DB01390,BE0004675,1,0,0
DB01390,BE0004676,1,0,0
DB01390,BE0004680,1,0,0
DB01390,BE0004677,1,0,0
DB01390,BE0004683,1,0,0
DB01393,BE0001004,0,0,1
DB01394,BE0001032,1,1,0
DB01396,BE0003642,0,0,1
DB01396,BE0003653,0,0,1
DB01396,BE0001032,1,0,0
DB01409,BE0000106,1,0,0
DB01409,BE0000757,1,0,0
DB01411,BE0001069,0,0,1
DB01413,BE0000106,0,0,1
DB01413,BE0001018,0,0,1
DB01413,BE0001134,0,0,1
DB01414,BE0001066,1,0,1
DB01414,BE0003645,1,0,1
DB01415,BE0001018,1,0,1
DB01415,BE0001134,0,0,1
DB01415,BE0001066,1,0,0
DB01415,BE0003645,1,0,1
DB01418,BE0001032,1,0,0
DB01420,BE0001032,1,0,0
DB01424,BE0001066,0,0,1
DB01435,BE0001066,0,0,1
DB01440,BE0000440,0,0,1
DB01440,BE0000669,0,0,1
DB01440,BE0000449,1,0,0
DB01454,BE0000486,0,0,0
DB01454,BE0000647,0,0,0
DB01454,BE0000749,0,0,0
DB01576,BE0000647,0,0,0
DB01577,BE0003650,0,0,1
DB01577,BE0000106,0,0,1
DB01580,BE0003647,0,0,1
DB01583,BE0003642,1,0,0
DB01583,BE0001004,1,0,0
DB01583,BE0003659,1,0,0
DB01583,BE0003653,1,0,0
DB01583,BE0003644,1,0,0
DB01583,BE0003660,1,0,1
DB01583,BE0003656,1,0,1
DB01583,BE0003645,0,0,1
DB01583,BE0000178,0,0,1
DB01583,BE0003654,0,0,1
DB01583,BE0001032,0,1,0
DB01586,BE0000703,1,1,1
DB01586,BE0003642,1,1,1
DB01586,BE0001069,0,1,0
DB01586,BE0001188,0,0,1
DB01586,BE0003643,0,0,1
DB01586,BE0003644,1,0,1
DB01587,BE0001032,1,0,0
DB01590,BE0001004,0,0,1
DB01590,BE0003659,0,0,1
DB01590,BE0003642,0,0,1
DB01590,BE0001032,1,0,1
DB01597,BE0001066,0,0,1
DB01597,BE0003645,0,0,1
DB01601,BE0001032,0,1,1
DB01601,BE0001004,0,0,1
DB01601,BE0003659,0,0,1
DB01601,BE0000703,0,0,1
DB01606,BE0001066,1,0,1
DB01606,BE0003645,1,0,1
DB01610,BE0001018,0,0,0
DB01610,BE0001134,0,0,0
DB01610,BE0000423,0,0,0
DB01611,BE0001032,0,0,1
DB01611,BE0003642,0,0,1
DB01621,BE0003648,0,0,0
DB01623,BE0003648,0,0,0
DB01645,BE0001032,0,0,1
DB01645,BE0000785,0,0,1
DB01645,BE0001067,0,0,1
DB01645,BE0001004,0,0,1
DB01645,BE0001042,0,0,1
DB01650,BE0003645,0,0,1
DB01685,BE0001067,0,0,1
DB01685,BE0003645,0,0,1
DB01685,BE0001066,0,0,1
DB01708,BE0003659,1,0,0
DB01708,BE0001042,1,0,0
DB01708,BE0001004,1,0,0
DB01708,BE0003642,1,0,0
DB01708,BE0000785,1,0,0
DB01708,BE0001067,1,0,0
DB01708,BE0001188,1,0,0
DB01746,BE0003654,0,0,1
DB01746,BE0000222,0,0,0
DB01762,BE0000440,0,0,1
DB01762,BE0000669,1,0,1
DB01762,BE0000449,1,0,0
DB01762,BE0004708,0,0,0
DB01786,BE0003654,0,0,1
DB01819,BE0003655,0,0,1
DB01892,BE0001069,0,1,0
DB01892,BE0001004,0,0,1
DB01914,BE0001057,1,0,0
DB01914,BE0001045,1,0,0
DB01914,BE0004707,1,0,0
DB01914,BE0000893,1,0,0
DB01914,BE0005216,1,0,0
DB01914,BE0005217,1,0,0
DB01914,BE0005218,1,0,0
DB01914,BE0005219,1,0,0
DB01914,BE0004783,1,0,0
DB01914,BE0005220,1,0,0
DB01914,BE0005221,1,0,0
DB01914,BE0005222,1,0,0
DB01914,BE0004754,1,0,0
DB01914,BE0004753,1,0,0
DB01917,BE0000757,0,0,1
DB01942,BE0000449,1,0,0
DB01956,BE0000536,1,0,0
DB01956,BE0009148,1,0,0
DB01956,BE0001018,1,0,0
DB02010,BE0001032,0,0,1
DB02056,BE0003655,0,0,0
DB02115,BE0001067,0,0,1
DB02123,BE0000703,1,0,1
DB02123,BE0003642,1,0,1
DB02123,BE0003643,1,0,0
DB02123,BE0003644,1,0,0
DB02261,BE0001032,1,1,0
DB02263,BE0003655,0,0,1
DB02266,BE0001066,0,0,1
DB02315,BE0001066,0,0,0
DB02375,BE0000785,0,0,1
DB02527,BE0001188,1,0,1
DB02527,BE0003639,0,0,1
DB02527,BE0003658,1,0,1
DB02527,BE0001066,1,0,0
DB02527,BE0003645,1,0,0
DB02527,BE0003646,1,0,0
DB02530,BE0000536,0,0,0
DB02556,BE0003654,1,0,1
DB02556,BE0000222,0,0,0
DB02587,BE0001032,0,0,1
DB02659,BE0000703,1,1,1
DB02659,BE0001032,0,1,0
DB02659,BE0000785,0,1,0
DB02659,BE0003642,1,1,1
DB02659,BE0003643,1,1,1
DB02659,BE0001069,0,1,0
DB02659,BE0001004,1,1,1
DB02659,BE0001061,0,0,1
DB02659,BE0001188,0,0,1
DB02659,BE0003644,1,0,1
DB02659,BE0003645,1,0,1
DB02659,BE0003646,0,0,1
DB02659,BE0003659,1,0,0
DB02691,BE0003642,0,0,0
DB02691,BE0001004,0,0,0
DB02691,BE0003659,0,0,0
DB02703,BE0000703,0,0,1
DB02703,BE0001069,0,0,1
DB02703,BE0001067,0,0,1
DB02703,BE0001004,0,0,0
DB02745,BE0001204,0,0,0
DB02746,BE0001042,0,0,1
DB02750,BE0000222,0,0,0
DB02750,BE0000789,0,0,0
DB02789,BE0004710,0,0,0
DB02853,BE0000536,0,0,0
DB02901,BE0001032,1,0,0
DB02952,BE0003654,1,0,0
DB03066,BE0000440,0,0,1
DB03066,BE0000669,1,0,1
DB03066,BE0000449,1,0,0
DB03107,BE0003654,1,0,0
DB03128,BE0000106,0,0,1
DB03128,BE0003648,1,0,0
DB03166,BE0001042,1,0,1
DB03166,BE0000669,1,0,0
DB03203,BE0001032,1,0,0
DB03225,BE0003654,0,0,1
DB03424,BE0001018,0,0,1
DB03424,BE0001134,1,0,1
DB03467,BE0001042,0,0,1
DB03467,BE0001032,0,0,0
DB03467,BE0000785,0,0,1
DB03467,BE0001067,0,0,1
DB03496,BE0001067,1,0,0
DB03553,BE0001066,1,0,1
DB03553,BE0003645,1,0,1
DB03553,BE0000879,0,0,1
DB03553,BE0003646,1,0,0
DB03566,BE0000757,0,0,1
DB03566,BE0003648,1,0,0
DB03581,BE0003655,0,0,1
DB03585,BE0001066,0,0,1
DB03619,BE0000703,0,1,0
DB03619,BE0003642,1,0,1
DB03619,BE0003643,0,0,1
DB03619,BE0003644,1,0,0
DB03773,BE0000440,0,0,1
DB03773,BE0000669,0,0,1
DB03783,BE0001066,0,0,1
DB03793,BE0001042,0,0,1
DB03793,BE0003645,0,0,1
DB03793,BE0000669,0,0,0
DB03825,BE0000785,1,0,0
DB03825,BE0001032,1,0,0
DB03839,BE0003654,0,0,1
DB03884,BE0000449,1,0,0
DB03902,BE0001042,0,0,1
DB03902,BE0003645,1,0,0
DB03904,BE0004691,1,0,0
DB03904,BE0004692,1,0,0
DB03929,BE0003654,0,0,1
DB03929,BE0000423,0,0,0
DB03940,BE0000449,1,0,0
DB04074,BE0000440,0,0,1
DB04074,BE0000669,0,0,1
DB04074,BE0000449,1,0,0
DB04100,BE0001069,0,0,1
DB04133,BE0000106,0,0,0
DB04133,BE0001066,0,0,0
DB04133,BE0003645,0,0,0
DB04133,BE0000879,0,0,0
DB04209,BE0001817,1,0,0
DB04216,BE0000785,0,1,1
DB04216,BE0001069,0,1,0
DB04216,BE0000440,0,0,1
DB04216,BE0001042,0,0,1
DB04216,BE0001032,0,0,1
DB04216,BE0000669,0,0,1
DB04216,BE0001067,0,0,1
DB04216,BE0001004,0,0,1
DB04272,BE0001042,0,0,1
DB04335,BE0003672,0,0,0
DB04343,BE0000449,1,0,0
DB04348,BE0000703,1,1,0
DB04348,BE0000785,0,1,1
DB04348,BE0003642,1,1,1
DB04348,BE0003643,1,1,0
DB04348,BE0001069,0,1,0
DB04348,BE0001004,1,1,1
DB04348,BE0001061,1,0,1
DB04348,BE0001188,0,0,1
DB04348,BE0001032,1,0,1
DB04348,BE0001066,1,0,1
DB04348,BE0003651,0,0,1
DB04348,BE0003645,1,0,1
DB04348,BE0003656,0,0,1
DB04348,BE0003658,0,0,1
DB04348,BE0003660,1,0,1
DB04348,BE0003661,0,0,1
DB04348,BE0001067,0,0,1
DB04348,BE0001042,1,0,0
DB04348,BE0000669,1,0,0
DB04348,BE0003644,1,0,0
DB04348,BE0003667,1,0,0
DB04348,BE0003668,1,0,0
DB04348,BE0003659,1,0,0
DB04348,BE0000030,0,0,0
DB04398,BE0000440,1,0,1
DB04398,BE0001042,1,0,1
DB04398,BE0000669,1,0,1
DB04398,BE0003654,1,0,1
DB04398,BE0003655,0,0,1
DB04398,BE0000449,1,0,0
DB04485,BE0003672,0,0,0
DB04519,BE0001066,0,0,1
DB04519,BE0003645,0,0,1
DB04519,BE0000879,0,0,1
DB04540,BE0001032,0,0,1
DB04540,BE0001067,0,1,0
DB04551,BE0003655,0,0,1
DB04552,BE0000440,0,0,1
DB04552,BE0000669,0,0,1
DB04557,BE0003655,1,0,0
DB04573,BE0003642,0,0,1
DB04573,BE0001032,1,1,0
DB04574,BE0003657,1,0,0
DB04574,BE0004752,1,0,0
DB04630,BE0001032,1,1,0
DB04630,BE0000106,0,0,1
DB04630,BE0003642,0,0,1
DB04690,BE0001032,1,0,0
DB04690,BE0001067,1,0,0
DB04789,BE0001069,0,0,1
DB04830,BE0003648,1,0,0
DB04832,BE0001032,0,0,1
DB04840,BE0001032,1,0,0
DB04845,BE0001032,1,0,1
DB04847,BE0001067,0,0,1
DB04847,BE0001004,0,0,1
DB04847,BE0001066,1,0,0
DB04847,BE0003645,1,0,0
DB04850,BE0001004,0,0,1
DB04851,BE0001032,0,0,1
DB04851,BE0000785,0,0,0
DB04854,BE0001067,0,0,1
DB04855,BE0001032,0,0,1
DB04855,BE0003647,0,0,1
DB04855,BE0003648,0,0,1
DB04855,BE0001004,0,0,1
DB04855,BE0003659,0,0,1
DB04855,BE0003645,0,0,1
DB04868,BE0001032,1,0,1
DB04868,BE0001067,1,0,1
DB04868,BE0003541,0,0,1
DB04868,BE0001004,0,0,1
DB04876,BE0001032,1,0,0
DB04877,BE0001032,0,0,1
DB04881,BE0001067,0,0,1
DB04881,BE0001032,0,0,1
DB04908,BE0001032,0,0,1
DB04948,BE0002369,0,0,1
DB04948,BE0003657,0,0,1
DB04951,BE0001032,0,0,1
DB04960,BE0001032,0,0,1
DB05015,BE0001032,1,0,0
DB05039,BE0001032,1,0,0
DB05154,BE0003645,0,0,1
DB05239,BE0001004,0,0,0
DB05239,BE0003659,0,0,1
DB05239,BE0001067,0,0,0
DB05239,BE0001032,1,0,0
DB05294,BE0000785,0,0,1
DB05294,BE0001067,0,0,1
DB05294,BE0003647,0,0,1
DB05294,BE0001032,0,0,1
DB05381,BE0003647,1,0,1
DB05381,BE0003648,0,0,0
DB05381,BE0003650,0,0,1
DB05381,BE0000106,0,0,1
DB05382,BE0009346,1,0,0
DB05382,BE0009874,1,0,0
DB05383,BE0003647,0,0,1
DB05521,BE0001032,1,0,1
DB05540,BE0000030,0,0,0
DB05667,BE0001032,0,0,1
DB05667,BE0003657,0,0,1
DB05667,BE0003647,0,0,1
DB05676,BE0001032,1,0,0
DB05773,BE0001032,1,0,0
DB05804,BE0003645,0,0,0
DB05804,BE0003642,0,0,0
DB05804,BE0001004,0,0,0
DB05804,BE0003659,0,0,0
DB05804,BE0001042,0,0,0
DB05804,BE0004710,0,0,0
DB05804,BE0000703,1,0,0
DB05812,BE0000785,0,0,1
DB05889,BE0001032,1,0,0
DB05928,BE0001061,0,0,0
DB05928,BE0001067,0,1,1
DB05928,BE0001004,0,0,1
DB05928,BE0001042,0,0,1
DB05928,BE0003659,0,0,1
DB05928,BE0001032,0,0,1
DB05990,BE0000703,0,1,1
DB06016,BE0001032,0,0,1
DB06137,BE0003657,0,0,1
DB06137,BE0004752,0,0,1
DB06137,BE0001004,0,0,1
DB06137,BE0003659,0,0,1
DB06137,BE0003648,0,0,1
DB06137,BE0003647,0,0,1
DB06151,BE0001004,0,0,1
DB06151,BE0001066,1,0,0
DB06176,BE0001032,1,0,0
DB06176,BE0003659,0,0,1
DB06176,BE0000703,0,0,1
DB06176,BE0001004,0,0,1
DB06176,BE0001066,0,0,1
DB06176,BE0003647,0,0,1
DB06207,BE0001032,1,0,0
DB06207,BE0003641,1,0,0
DB06210,BE0001004,0,0,1
DB06210,BE0001067,0,0,1
DB06211,BE0003645,1,0,0
DB06212,BE0001032,1,0,1
DB06228,BE0001032,1,0,0
DB06228,BE0001067,1,0,0
DB06234,BE0001067,0,0,1
DB06234,BE0001032,0,0,1
DB06237,BE0001032,1,0,0
DB06237,BE0001067,0,0,1
DB06240,BE0001032,0,0,1
DB06262,BE0000486,1,0,0
DB06262,BE0003654,0,0,1
DB06263,BE0002369,1,0,0
DB06282,BE0000879,1,0,0
DB06287,BE0001032,1,0,1
DB06288,BE0003657,1,0,1
DB06288,BE0004752,1,0,1
DB06288,BE0001032,1,0,0
DB06288,BE0001067,1,0,0
DB06288,BE0003648,1,0,0
DB06290,BE0001032,1,0,1
DB06290,BE0001004,1,0,1
DB06290,BE0003659,1,0,1
DB06290,BE0001069,1,0,1
DB06290,BE0001067,1,0,1
DB06290,BE0001042,1,0,0
DB06290,BE0003644,0,0,1
DB06290,BE0000703,0,0,1
DB06292,BE0001032,1,0,0
DB06335,BE0000785,1,0,0
DB06335,BE0003653,1,0,0
DB06335,BE0003645,1,0,0
DB06403,BE0001032,1,0,0
DB06403,BE0001004,1,0,0
DB06403,BE0003659,1,0,0
DB06414,BE0001032,0,0,1
DB06414,BE0003641,0,0,1
DB06419,BE0001032,1,0,1
DB06420,BE0001032,0,0,0
DB06448,BE0001032,1,0,1
DB06448,BE0001004,0,0,1
DB06448,BE0003659,0,0,1
DB06448,BE0001067,0,0,1
DB06448,BE0001069,0,0,1
DB06480,BE0001032,1,0,0
DB06554,BE0000536,1,0,0
DB06589,BE0001032,1,0,0
DB06589,BE0001067,1,0,0
DB06589,BE0001004,0,0,1
DB06589,BE0003541,0,0,1
DB06603,BE0001032,1,0,0
DB06605,BE0001032,1,0,0
DB06605,BE0001067,1,0,0
DB06608,BE0003647,0,0,1
DB06608,BE0003657,0,0,1
DB06608,BE0004752,0,0,1
DB06616,BE0001032,1,0,0
DB06626,BE0001032,1,0,1
DB06626,BE0001004,1,0,1
DB06636,BE0001032,0,0,1
DB06637,BE0003647,1,0,0
DB06654,BE0001067,0,0,1
DB06654,BE0003661,1,0,0
DB06670,BE0001032,1,0,0
DB06691,BE0000757,0,0,0
DB06691,BE0000106,0,0,0
DB06695,BE0001032,1,0,0
DB06702,BE0001032,1,0,0
DB06704,BE0000486,1,0,0
DB06709,BE0000106,0,0,1
DB06710,BE0003642,0,1,1
DB06710,BE0003645,0,1,0
DB06721,BE0001004,1,0,0
DB06756,BE0004777,1,0,0
DB06772,BE0001032,1,0,1
DB06772,BE0001067,0,0,1
DB06772,BE0001004,0,0,1
DB06772,BE0003659,0,0,1
DB06778,BE0000530,0,0,0
DB06778,BE0001140,0,0,0
DB06796,BE0008685,1,0,0
DB06813,BE0004711,1,0,0
DB06813,BE0001069,1,0,1
DB06813,BE0001067,1,0,0
DB06813,BE0001048,1,0,0
DB06813,BE0001061,1,0,1
DB06813,BE0003659,1,0,0
DB07565,BE0001032,1,0,0
DB07767,BE0000669,1,0,0
DB07767,BE0000449,1,0,0
DB08795,BE0000106,0,0,1
DB08795,BE0001018,0,0,1
DB08795,BE0001134,0,0,1
DB08816,BE0001032,1,0,1
DB08818,BE0003639,1,0,0
DB08820,BE0001032,0,0,1
DB08822,BE0001032,0,0,1
DB08824,BE0000647,0,0,0
DB08827,BE0001032,0,0,1
DB08828,BE0001032,1,0,0
DB08828,BE0001067,0,0,1
DB08830,BE0001057,0,0,0
DB08831,BE0001057,0,0,0
DB08833,BE0003642,0,0,0
DB08833,BE0000030,0,0,0
DB08834,BE0003642,1,0,0
DB08834,BE0000030,1,0,0
DB08834,BE0004750,0,0,0
DB08834,BE0004751,0,0,0
DB08834,BE0000703,0,0,0
DB08835,BE0000536,1,0,0
DB08836,BE0001018,0,0,0
DB08836,BE0003642,0,0,0
DB08837,BE0003648,0,0,0
DB08837,BE0003647,1,0,0
DB08837,BE0003650,0,0,0
DB08837,BE0000757,0,0,0
DB08837,BE0000106,0,0,0
DB08837,BE0003645,0,0,0
DB08837,BE0003657,1,0,0
DB08838,BE0003648,1,0,0
DB08838,BE0003647,1,0,0
DB08838,BE0003650,1,0,0
DB08838,BE0004769,1,0,0
DB08839,BE0003647,0,0,0
DB08840,BE0003647,0,0,0
DB08840,BE0003657,1,0,0
DB08840,BE0004752,1,0,0
DB08841,BE0003650,0,0,0
DB08842,BE0000106,0,0,0
DB08842,BE0004785,1,0,0
DB08843,BE0001066,0,0,0
DB08844,BE0001066,0,0,0
DB08844,BE0003645,0,0,0
DB08844,BE0004783,1,0,0
DB08846,BE0001066,1,0,1
DB08846,BE0000879,0,0,0
DB08847,BE0000536,0,0,0
DB08849,BE0000536,0,0,0
DB08855,BE0001004,0,0,0
DB08855,BE0003659,0,0,0
DB08856,BE0001004,0,0,0
DB08857,BE0001004,0,0,0
DB08858,BE0001004,0,0,0
DB08860,BE0001004,1,0,1
DB08860,BE0003659,1,0,0
DB08860,BE0001042,1,0,0
DB08860,BE0003644,1,0,0
DB08860,BE0001067,1,0,0
DB08860,BE0001032,1,0,0
DB08860,BE0001069,1,0,0
DB08860,BE0000703,1,0,0
DB08861,BE0003659,0,0,0
DB08862,BE0003659,1,0,0
DB08862,BE0001004,1,0,1
DB08862,BE0001042,0,0,1
DB08864,BE0001032,0,0,1
DB08864,BE0001067,0,0,1
DB08864,BE0001004,0,0,1
DB08864,BE0003659,0,0,1
DB08865,BE0001032,1,0,1
DB08868,BE0000884,0,1,0
DB08868,BE0001115,0,1,0
DB08868,BE0001032,0,0,1
DB08868,BE0000785,0,1,1
DB08870,BE0002369,1,0,0
DB08872,BE0004708,1,0,0
DB08872,BE0000094,1,0,0
DB08873,BE0001032,0,0,1
DB08874,BE0001032,1,0,0
DB08878,BE0001048,0,0,0
DB08880,BE0001067,1,0,1
DB08880,BE0001004,0,0,1
DB08881,BE0000785,1,0,1
DB08881,BE0001067,1,0,1
DB08881,BE0001032,1,0,1
DB08882,BE0001032,1,0,0
DB08882,BE0003648,0,0,1
DB08882,BE0003647,1,0,1
DB08882,BE0003650,0,0,1
DB08884,BE0001004,1,0,0
DB08884,BE0003659,1,0,0
DB08884,BE0001061,1,0,0
DB08884,BE0001069,1,0,0
DB08884,BE0001188,1,0,0
DB08889,BE0001032,1,0,1
DB08892,BE0000669,1,0,0
DB08893,BE0001032,1,0,1
DB08893,BE0003642,1,0,0
DB08893,BE0003648,1,0,0
DB08893,BE0003647,1,0,0
DB08893,BE0003650,1,0,0
DB08896,BE0001032,1,0,1
DB08896,BE0001067,0,0,1
DB08899,BE0001032,0,0,1
DB08901,BE0001032,1,0,1
DB08901,BE0001067,1,0,1
DB08906,BE0001032,1,0,0
DB08906,BE0001004,0,0,1
DB08907,BE0001032,1,0,1
DB08907,BE0001069,1,0,0
DB08907,BE0001067,0,0,0
DB08910,BE0001032,1,0,0
DB08912,BE0001032,1,0,0
DB08912,BE0001067,1,0,1
DB08912,BE0001004,1,0,1
DB08912,BE0003659,1,0,1
DB08912,BE0003642,1,0,0
DB08912,BE0001066,0,0,1
DB08912,BE0003645,0,0,1
DB08912,BE0003647,0,0,1
DB08916,BE0001032,1,0,1
DB08916,BE0001067,1,0,1
DB08918,BE0001032,1,0,0
DB08930,BE0003647,0,0,1
DB08930,BE0001067,1,0,0
DB08930,BE0001066,0,0,1
DB08930,BE0003645,0,0,1
DB08930,BE0001032,1,0,0
DB08930,BE0003657,0,0,1
DB08931,BE0001067,1,0,0
DB08931,BE0001032,1,0,0
DB08934,BE0001032,1,0,0
DB08934,BE0001067,1,0,0
DB08949,BE0004708,1,0,0
DB08995,BE0001032,0,0,1
DB08995,BE0001004,0,0,1
DB08995,BE0003659,0,0,0
DB08995,BE0001042,0,0,0
DB09008,BE0001066,1,0,0
DB09008,BE0003645,1,0,1
DB09026,BE0001032,1,0,0
DB09027,BE0001032,1,0,0
DB09027,BE0001067,0,0,0
DB09030,BE0001032,0,0,0
DB09034,BE0001032,0,0,0
DB09038,BE0001032,1,0,0
DB09038,BE0001067,1,0,0
DB09038,BE0003645,1,0,0
DB09038,BE0001004,1,0,0
DB09038,BE0003659,1,0,0
DB09039,BE0001032,1,0,1
DB09048,BE0001032,0,0,1
DB09054,BE0001067,1,0,0
DB09054,BE0001032,1,0,1
DB09054,BE0001004,0,0,1
DB09054,BE0003659,0,0,1
DB09060,BE0001069,1,0,0
DB09060,BE0003645,1,0,0
DB09061,BE0000785,0,0,1
DB09061,BE0001067,0,0,1
DB09061,BE0001204,0,0,1
DB09061,BE0001032,0,0,1
DB09063,BE0001032,1,0,0
DB09065,BE0001032,0,0,1
DB09065,BE0001067,0,0,1
DB09065,BE0001004,0,0,1
DB09065,BE0003659,0,0,1
DB09073,BE0001032,1,0,1
DB09073,BE0001067,1,0,1
DB09073,BE0003648,0,0,1
DB09074,BE0001032,1,0,1
DB09074,BE0001067,0,0,1
DB09075,BE0001032,1,0,0
DB09076,BE0001032,1,0,0
DB09078,BE0001032,1,0,1
DB09078,BE0001067,1,0,0
DB09078,BE0001066,0,0,1
DB09078,BE0003645,0,0,1
DB09078,BE0003647,0,0,1
DB09078,BE0001004,0,0,1
DB09078,BE0000703,0,0,1
DB09078,BE0003659,0,0,1
DB09079,BE0001032,1,0,1
DB09079,BE0003648,1,0,1
DB09079,BE0001067,0,0,0
DB09099,BE0001032,1,0,0
DB09100,BE0000178,1,0,0
DB09100,BE0003660,1,0,0
DB09100,BE0003661,1,0,0
DB09100,BE0003656,1,0,0
DB09100,BE0000222,1,0,0
DB09100,BE0003644,1,0,0
DB09102,BE0001032,1,0,1
DB09102,BE0001004,0,0,1
DB09102,BE0003659,0,0,1
DB09102,BE0001067,0,0,1
DB09118,BE0001032,0,0,1
DB09118,BE0001067,0,0,1
DB09130,BE0003649,1,0,0
DB09130,BE0008685,1,0,0
DB09130,BE0003666,1,0,0
DB09130,BE0003664,1,0,0
DB09130,BE0003662,0,0,0
DB09137,BE0001004,1,0,0
DB09137,BE0003659,1,0,0
DB09142,BE0003659,1,0,0
DB09154,BE0008678,1,0,0
DB09154,BE0000447,1,0,0
DB09154,BE0008677,1,0,0
DB09154,BE0008676,1,0,0
DB09161,BE0001032,1,0,0
DB09161,BE0000785,1,0,0
DB09183,BE0001067,0,0,1
DB09183,BE0002369,1,0,0
DB09183,BE0001032,1,0,0
DB09185,BE0003657,0,0,1
DB09194,BE0000749,0,0,1
DB09194,BE0000486,0,0,1
DB09194,BE0000647,0,0,1
DB09198,BE0001004,0,0,1
DB09198,BE0003661,0,0,1
DB09198,BE0001032,0,0,0
DB09213,BE0001188,0,0,0
DB09213,BE0000785,0,0,0
DB09213,BE0003642,0,0,0
DB09213,BE0001066,0,0,0
DB09213,BE0003645,0,0,0
DB09213,BE0000879,0,0,0
DB09213,BE0001042,0,0,0
DB09213,BE0001032,0,0,0
DB09237,BE0001032,1,0,0
DB09237,BE0003643,0,0,1
DB09237,BE0000106,0,0,1
DB09239,BE0001032,0,0,1
DB09241,BE0001032,1,0,1
DB09241,BE0003647,0,0,1
DB09241,BE0004752,0,0,1
DB09241,BE0003657,0,0,1
DB09270,BE0001032,1,0,0
DB09272,BE0001004,1,0,1
DB09272,BE0001069,1,0,0
DB09272,BE0003645,1,0,0
DB09274,BE0001067,1,0,0
DB09274,BE0001032,1,0,0
DB09274,BE0001004,0,0,1
DB09274,BE0003645,0,0,1
DB09279,BE0001004,1,0,0
DB09279,BE0001067,1,0,0
DB09280,BE0001032,0,1,1
DB09287,BE0001032,0,0,1
DB09291,BE0001067,0,0,1
DB09291,BE0001032,0,0,1
DB09292,BE0001004,0,0,1
DB09292,BE0003659,0,0,1
DB09296,BE0001032,1,0,0
DB09296,BE0001067,1,0,0
DB09297,BE0001067,0,0,1
DB09297,BE0001032,1,0,0
DB09297,BE0001004,1,0,1
DB09297,BE0003659,1,0,1
DB09298,BE0001066,1,0,1
DB09298,BE0001004,0,0,1
DB09298,BE0003659,0,0,1
DB09298,BE0001042,0,0,1
DB09299,BE0001032,1,0,0
DB09299,BE0001188,1,0,0
DB09299,BE0001066,1,0,0
DB09299,BE0003645,1,0,0
DB09299,BE0001067,1,0,0
DB09299,BE0001004,1,0,0
DB09299,BE0003659,1,0,0
DB09326,BE0003949,0,0,0
DB09327,BE0003646,1,0,0
DB09327,BE0001204,1,0,0
DB09327,BE0004706,1,0,0
DB09327,BE0004705,1,0,0
DB09327,BE0004781,1,0,0
DB09327,BE0003672,1,0,0
DB09330,BE0001032,1,0,0
DB09330,BE0001067,1,0,0
DB09341,BE0001057,1,0,0
DB09341,BE0001045,1,0,0
DB09341,BE0004707,1,0,0
DB09341,BE0000893,1,0,0
DB09341,BE0005217,1,0,0
DB09341,BE0005218,1,0,0
DB09341,BE0005219,1,0,0
DB09341,BE0004783,1,0,0
DB09341,BE0005220,1,0,0
DB09341,BE0005221,1,0,0
DB09341,BE0005222,1,0,0
DB09341,BE0004754,1,0,0
DB09343,BE0003647,1,0,0
DB09343,BE0003657,1,0,0
DB09344,BE0001045,1,0,0
DB09344,BE0005216,1,0,0
DB09363,BE0000486,0,0,1
DB09363,BE0008661,0,0,1
DB09374,BE0001069,1,0,0
DB09374,BE0000703,1,0,0
DB09436,BE0005055,1,0,0
DB09436,BE0008680,1,0,0
DB09449,BE0005055,1,0,0
DB09449,BE0008680,1,0,0
DB09449,BE0008681,1,0,0
DB09449,BE0008682,1,0,0
DB09449,BE0008683,1,0,0
DB09462,BE0010003,0,0,0
DB09462,BE0010004,0,0,0
DB09462,BE0002037,0,0,0
DB09479,BE0000732,1,0,0
DB09479,BE0000229,1,0,0
DB09479,BE0004994,1,0,0
DB09479,BE0005018,1,0,0
DB09479,BE0005026,1,0,0
DB09479,BE0005031,1,0,0
DB09479,BE0005034,1,0,0
DB09479,BE0005047,1,0,0
DB09481,BE0005126,1,0,0
DB09481,BE0008673,1,0,0
DB09481,BE0008674,1,0,0
DB09481,BE0004624,1,0,0
DB09498,BE0000986,0,1,0
DB09498,BE0000012,0,1,0
DB09499,BE0010199,0,0,0
DB09502,BE0000893,1,0,0
DB09502,BE0001045,1,0,0
DB09502,BE0001057,1,0,0
DB09502,BE0004707,1,0,0
DB09502,BE0004783,1,0,0
DB09502,BE0005216,1,0,0
DB09502,BE0005217,1,0,0
DB09502,BE0005218,1,0,0
DB09502,BE0005219,1,0,0
DB09502,BE0005220,1,0,0
DB09502,BE0005221,1,0,0
DB09502,BE0005222,1,0,0
DB09546,BE0000486,1,0,0
DB11077,BE0001032,0,0,1
DB11090,BE0003501,1,0,0
DB11093,BE0005102,1,0,0
DB11093,BE0000986,1,0,0
DB11093,BE0005112,1,0,0
DB11093,BE0000739,1,0,0
DB11093,BE0005295,1,0,0
DB11093,BE0008712,1,0,0
DB11093,BE0005296,1,0,0
DB11093,BE0008713,1,0,0
DB11093,BE0008714,1,0,0
DB11093,BE0008715,1,0,0
DB11093,BE0008717,1,0,0
DB11093,BE0008716,1,0,0
DB11093,BE0008718,1,0,0
DB11098,BE0000281,1,0,0
DB11098,BE0000502,1,0,0
DB11127,BE0005533,0,0,0
DB11251,BE0000643,1,0,0
DB11251,BE0000076,1,0,0
DB11251,BE0000256,1,0,0
DB11251,BE0000339,1,0,0
DB11251,BE0005852,0,0,0
DB11251,BE0000189,0,0,0
DB11251,BE0001032,0,0,0
DB11256,BE0001048,1,0,0
DB11256,BE0004711,1,0,0
DB11348,BE0005055,1,0,0
DB11348,BE0008680,1,0,0
DB11348,BE0008681,1,0,0
DB11348,BE0008682,1,0,0
DB11348,BE0008683,1,0,0
DB11348,BE0005102,1,0,0
DB11348,BE0000986,1,0,0
DB11348,BE0005112,1,0,0
DB11348,BE0000739,1,0,0
DB11348,BE0005295,1,0,0
DB11348,BE0008712,1,0,0
DB11348,BE0005296,1,0,0
DB11348,BE0008713,1,0,0
DB11348,BE0008714,1,0,0
DB11348,BE0008715,1,0,0
DB11348,BE0008717,1,0,0
DB11348,BE0008716,1,0,0
DB11348,BE0008718,1,0,0
DB11362,BE0001004,1,0,0
DB11362,BE0003659,1,0,0
DB11362,BE0001032,1,0,0
DB11363,BE0001067,0,0,1
DB11363,BE0001032,0,0,1
DB11430,BE0001032,1,0,0
DB11544,BE0001032,0,0,1
DB11574,BE0001032,1,0,1
DB11575,BE0001032,1,0,0
DB11575,BE0001004,1,0,0
DB11575,BE0003659,1,0,0
DB11581,BE0001032,1,0,1
DB11581,BE0001067,0,0,1
DB11581,BE0001004,0,0,1
DB11586,BE0001004,1,0,1
DB11586,BE0003659,0,0,1
DB11586,BE0001042,1,0,1
DB11586,BE0001032,1,0,1
DB11590,BE0004522,0,0,0
DB11591,BE0002369,1,0,1
DB11591,BE0003642,1,0,0
DB11591,BE0001042,0,0,1
DB11611,BE0003642,1,0,0
DB11611,BE0001042,1,0,0
DB11613,BE0001032,1,0,1
DB11613,BE0001067,1,0,1
DB11613,BE0001004,0,0,1
DB11613,BE0003659,0,0,1
DB11613,BE0001042,0,0,1
DB11632,BE0001032,1,0,0
DB11632,BE0001067,1,0,0
DB11632,BE0003659,1,0,0
DB11632,BE0001042,1,0,0
DB11632,BE0001004,0,0,1
DB11633,BE0001032,0,0,1
DB11633,BE0001067,0,0,1
DB11633,BE0003647,0,0,1
DB11635,BE0000643,1,0,0
DB11635,BE0000189,1,0,0
DB11635,BE0000802,1,0,0
DB11635,BE0004750,1,0,0
DB11635,BE0004751,1,0,0
DB11635,BE0000119,1,0,0
DB11635,BE0000076,1,0,0
DB11635,BE0000256,1,0,0
DB11635,BE0000339,1,0,0
DB11635,BE0005852,1,0,0
DB11640,BE0003647,0,0,1
DB11641,BE0002369,1,0,0
DB11641,BE0001032,1,0,0
DB11642,BE0003648,0,0,1
DB11644,BE0001067,0,0,1
DB11644,BE0001066,0,0,1
DB11644,BE0003645,0,0,1
DB11652,BE0001067,1,0,0
DB11652,BE0001032,1,0,0
DB11652,BE0003647,0,0,1
DB11652,BE0003657,0,0,1
DB11652,BE0004752,0,0,1
DB11660,BE0001042,1,0,0
DB11672,BE0001032,0,0,1
DB11689,BE0001032,1,0,0
DB11689,BE0001067,1,0,0
DB11691,BE0002369,1,0,0
DB11693,BE0001032,1,0,1
DB11697,BE0001032,0,0,1
DB11697,BE0001067,0,0,1
DB11697,BE0003648,0,0,1
DB11697,BE0003647,0,0,1
DB11712,BE0001032,1,0,1
DB11712,BE0001067,1,0,0
DB11732,BE0001032,1,0,1
DB11732,BE0001067,0,0,1
DB11732,BE0003648,0,0,1
DB11732,BE0003657,0,0,1
DB11732,BE0004752,0,0,1
DB11739,BE0001032,0,0,1
DB11751,BE0001066,0,0,1
DB11751,BE0003645,0,0,1
DB11751,BE0001032,1,0,0
DB11751,BE0001067,1,0,0
DB11753,BE0003642,0,0,1
DB11753,BE0001004,0,0,1
DB11753,BE0003659,0,0,1
DB11753,BE0003655,0,0,1
DB11753,BE0001042,0,0,1
DB11753,BE0003657,0,0,1
DB11753,BE0001032,1,0,1
DB11757,BE0001032,0,0,1
DB11757,BE0001067,0,0,1
DB11757,BE0001004,0,0,1
DB11757,BE0003659,0,0,1
DB11757,BE0001066,0,0,1
DB11757,BE0004865,0,0,1
DB11757,BE0003657,0,0,1
DB11757,BE0004752,0,0,1
DB11760,BE0001032,1,0,0
DB11760,BE0001067,1,0,0
DB11761,BE0001042,0,0,1
DB11770,BE0001032,1,0,0
DB11770,BE0001069,1,0,0
DB11791,BE0001032,1,0,1
DB11791,BE0003657,0,0,1
DB11791,BE0004752,0,0,1
DB11791,BE0001067,0,0,1
DB11793,BE0001067,1,0,1
DB11793,BE0003657,1,0,1
DB11793,BE0004752,1,0,1
DB11793,BE0001032,1,0,0
DB11796,BE0001032,1,0,0
DB11796,BE0001067,1,0,1
DB11796,BE0001004,0,0,1
DB11796,BE0003659,0,0,1
DB11800,BE0001032,1,0,0
DB11800,BE0001067,0,0,1
DB11817,BE0003645,1,0,1
DB11817,BE0001067,1,0,1
DB11817,BE0004752,1,0,1
DB11817,BE0001066,0,0,1
DB11817,BE0003647,0,0,1
DB11817,BE0003659,0,0,1
DB11817,BE0001032,1,0,0
DB11820,BE0001067,1,0,0
DB11827,BE0001032,1,0,0
DB11827,BE0001067,1,0,0
DB11828,BE0001032,0,0,1
DB11837,BE0001004,0,0,1
DB11837,BE0003648,0,0,1
DB11837,BE0003647,0,0,1
DB11837,BE0001066,0,0,1
DB11837,BE0003645,0,0,1
DB11837,BE0003657,0,0,1
DB11853,BE0001032,1,0,1
DB11853,BE0001067,0,0,1
DB11855,BE0001004,1,0,0
DB11855,BE0003659,1,0,0
DB11855,BE0001032,1,0,0
DB11855,BE0001067,1,0,0
DB11869,BE0001004,0,0,1
DB11869,BE0003659,0,0,1
DB11869,BE0001032,0,0,1
DB11886,BE0001032,1,0,1
DB11886,BE0001067,1,0,1
DB11886,BE0003657,0,0,1
DB11886,BE0000703,0,0,1
DB11886,BE0003648,0,0,1
DB11886,BE0003647,0,0,1
DB11886,BE0004752,0,0,1
DB11886,BE0001004,0,0,1
DB11886,BE0003659,0,0,1
DB11901,BE0001032,0,1,0
DB11901,BE0001067,0,1,0
DB11901,BE0001004,0,1,0
DB11901,BE0003647,0,0,1
DB11901,BE0003645,0,0,1
DB11901,BE0004752,0,0,1
DB11901,BE0003657,0,0,1
DB11936,BE0001004,0,0,1
DB11936,BE0001061,0,0,1
DB11936,BE0003659,1,0,1
DB11942,BE0003659,0,0,1
DB11943,BE0002369,1,0,0
DB11943,BE0001067,1,0,0
DB11951,BE0001032,1,0,0
DB11952,BE0001032,1,0,0
DB11952,BE0001067,1,0,0
DB11963,BE0001032,1,0,1
DB11963,BE0001067,1,0,1
DB11963,BE0003648,0,0,1
DB11978,BE0001032,1,0,1
DB11978,BE0001067,1,0,1
DB11978,BE0003657,0,0,1
DB11978,BE0004752,0,0,1
DB11979,BE0001032,1,0,1
DB11979,BE0001004,1,0,0
DB11986,BE0001032,1,0,1
DB11995,BE0001032,1,0,0
DB12001,BE0003657,0,0,1
DB12001,BE0004752,0,0,1
DB12001,BE0003647,0,0,1
DB12001,BE0001067,1,0,1
DB12001,BE0001032,1,0,1
DB12010,BE0001067,0,0,1
DB12010,BE0002369,1,0,0
DB12015,BE0001067,1,0,0
DB12015,BE0001032,0,0,1
DB12020,BE0001067,0,0,1
DB12026,BE0001032,1,0,1
DB12026,BE0001067,1,0,1
DB12026,BE0001004,1,0,1
DB12026,BE0003659,1,0,1
DB12035,BE0001032,0,0,1
DB12070,BE0001004,1,0,0
DB12070,BE0003659,1,0,0
DB12070,BE0001032,1,0,1
DB12070,BE0001067,0,0,1
DB12070,BE0000703,0,0,1
DB12070,BE0003645,0,0,1
DB12070,BE0001069,0,0,1
DB12095,BE0001032,1,0,1
DB12141,BE0001032,1,0,0
DB12141,BE0003657,0,0,1
DB12141,BE0001067,0,0,1
DB12141,BE0003648,0,0,1
DB12147,BE0001032,1,0,1
DB12147,BE0003647,0,0,1
DB12151,BE0001004,1,0,1
DB12151,BE0003659,1,0,0
DB12151,BE0001067,0,0,1
DB12151,BE0001069,0,0,1
DB12151,BE0001066,0,0,1
DB12151,BE0003645,0,0,1
DB12151,BE0000703,0,0,1
DB12240,BE0001032,1,0,0
DB12243,BE0001066,1,0,0
DB12243,BE0003645,1,0,0
DB12265,BE0001004,0,0,1
DB12265,BE0003659,0,0,1
DB12265,BE0003647,0,0,1
DB12265,BE0001066,0,0,1
DB12265,BE0003645,0,0,1
DB12265,BE0003657,0,0,1
DB12265,BE0004752,0,0,1
DB12267,BE0002369,1,0,1
DB12267,BE0001067,1,0,1
DB12267,BE0003648,0,0,0
DB12267,BE0003657,0,0,1
DB12267,BE0004752,0,0,1
DB12319,BE0001004,0,0,1
DB12319,BE0001042,0,0,1
DB12319,BE0000703,1,0,0
DB12332,BE0001032,1,0,1
DB12332,BE0001067,1,0,1
DB12332,BE0003657,0,0,1
DB12332,BE0004752,0,0,1
DB12332,BE0003648,0,0,1
DB12332,BE0001004,0,0,1
DB12332,BE0003659,0,0,1
DB12332,BE0001066,0,0,1
DB12332,BE0003645,0,0,1
DB12332,BE0001188,0,0,1
DB12364,BE0001032,1,0,0
DB12364,BE0000090,0,0,1
DB12377,BE0003645,1,0,0
DB12377,BE0000879,1,0,0
DB12377,BE0003657,1,0,0
DB12377,BE0004752,1,0,0
DB12455,BE0001032,1,0,0
DB12457,BE0001032,1,0,0
DB12457,BE0001067,1,0,0
DB12457,BE0001004,0,0,1
DB12457,BE0003645,0,0,1
DB12457,BE0003659,0,0,1
DB12457,BE0003647,0,0,1
DB12457,BE0003657,0,0,1
DB12466,BE0001032,0,0,1
DB12466,BE0001066,0,0,1
DB12466,BE0003645,0,0,1
DB12466,BE0004782,0,0,1
DB12471,BE0001032,1,0,0
DB12471,BE0003659,0,0,1
DB12483,BE0001032,1,0,0
DB12483,BE0001067,1,0,0
DB12483,BE0004752,0,0,1
DB12489,BE0001032,1,0,0
DB12500,BE0001032,1,0,1
DB12500,BE0001067,0,0,1
DB12500,BE0001004,0,0,1
DB12500,BE0003659,0,0,1
DB12500,BE0004865,0,0,1
DB12500,BE0003657,0,0,1
DB12500,BE0004752,0,0,1
DB12541,BE0001032,1,0,0
DB12582,BE0001032,0,0,1
DB12597,BE0001067,1,0,1
DB12597,BE0001032,1,0,1
DB12597,BE0001004,0,0,1
DB12597,BE0003659,0,0,1
DB12597,BE0003648,0,0,1
DB12598,BE0003648,1,0,0
DB12598,BE0003647,1,0,0
DB12612,BE0002196,0,0,1
DB12612,BE0001067,1,0,0
DB12612,BE0001032,1,0,0
DB12615,BE0003657,0,0,1
DB12615,BE0004752,0,0,1
DB12674,BE0001032,1,0,1
DB12674,BE0001004,0,0,1
DB12674,BE0003659,0,0,1
DB12674,BE0003648,0,0,1
DB12712,BE0000703,1,0,0
DB12713,BE0001032,0,0,1
DB12713,BE0001067,0,0,1
DB12713,BE0001004,0,0,1
DB12713,BE0003659,0,0,1
DB12713,BE0001069,0,0,1
DB12799,BE0001032,0,0,1
DB12825,BE0001032,1,0,0
DB12836,BE0001032,1,0,0
DB12866,BE0003645,0,0,1
DB12887,BE0001032,1,0,0
DB12887,BE0003657,0,0,1
DB12887,BE0004752,0,0,1
DB12887,BE0001067,1,0,0
DB12923,BE0001032,0,0,1
DB12941,BE0001067,1,0,1
DB12941,BE0001032,1,0,0
DB12941,BE0001004,0,0,1
DB12941,BE0003659,0,0,1
DB12978,BE0003657,0,0,1
DB12978,BE0004752,0,0,1
DB12978,BE0001004,0,0,1
DB12978,BE0003659,0,0,1
DB12978,BE0001042,0,0,1
DB13007,BE0001032,1,0,0
DB13055,BE0001067,0,0,1
DB13092,BE0001570,1,0,0
DB13092,BE0003941,1,0,0
DB13125,BE0001032,1,0,0
DB13125,BE0001067,1,0,0
DB13139,BE0001004,1,0,0
DB13139,BE0003659,1,0,0
DB13146,BE0001188,1,0,0
DB13153,BE0001004,1,0,0
DB13153,BE0003659,1,0,0
DB13154,BE0003659,1,0,0
DB13178,BE0009368,1,0,0
DB13179,BE0001032,0,0,1
DB13257,BE0008685,1,0,0
DB13257,BE0009856,1,0,0
DB13345,BE0000703,1,0,0
DB13620,BE0000732,1,0,0
DB13620,BE0000502,1,0,0
DB13620,BE0009378,1,0,0
DB13751,BE0000703,1,0,0
DB13783,BE0000785,1,0,0
DB13867,BE0001032,1,0,0
DB13867,BE0001004,0,0,1
DB13874,BE0001032,1,0,1
DB13874,BE0001067,1,0,1
DB13874,BE0001066,0,0,1
DB13874,BE0001004,0,0,1
DB13874,BE0003647,0,0,1
DB13874,BE0003659,0,0,1
DB13874,BE0003645,0,0,1
DB13878,BE0001032,1,0,1
DB13878,BE0001067,1,0,1
DB13878,BE0001004,0,0,1
DB13878,BE0003659,0,0,1
DB13879,BE0001032,1,0,1
DB13879,BE0001067,1,0,1
DB13879,BE0001004,1,0,1
DB13879,BE0003659,1,0,1
DB13919,BE0001032,0,0,1
DB13919,BE0001004,0,0,1
DB13943,BE0003642,0,1,1
DB13943,BE0003645,0,1,0
DB13943,BE0003646,0,1,0
DB13943,BE0001032,0,0,1
DB13943,BE0003644,0,0,1
DB13943,BE0003650,1,0,0
DB13943,BE0000757,1,0,0
DB13943,BE0001067,1,0,0
DB13944,BE0003642,0,1,1
DB13944,BE0003645,0,1,0
DB13944,BE0003646,0,1,0
DB13944,BE0001032,0,0,1
DB13944,BE0003644,0,0,1
DB13944,BE0003650,1,0,0
DB13944,BE0000757,1,0,0
DB13944,BE0001067,1,0,0
DB13946,BE0003642,0,1,1
DB13946,BE0003645,0,1,0
DB13946,BE0003646,0,1,0
DB13946,BE0001032,0,0,1
DB13946,BE0003644,0,0,1
DB13946,BE0000757,1,0,0
DB13946,BE0001067,1,0,0
DB13946,BE0003647,0,1,0
DB13946,BE0003657,0,1,0
DB13946,BE0003659,1,0,0
DB13951,BE0001032,1,0,0
DB13952,BE0003647,0,0,1
DB13952,BE0003648,0,0,1
DB13952,BE0003650,0,0,1
DB13952,BE0001042,0,0,1
DB13952,BE0003642,0,0,1
DB13952,BE0003651,0,0,1
DB13952,BE0000879,0,0,1
DB13952,BE0001067,0,0,1
DB13952,BE0001004,0,0,1
DB13952,BE0001032,1,0,0
DB13952,BE0003645,0,0,0
DB13952,BE0003659,0,0,0
DB13952,BE0003660,0,0,0
DB13952,BE0003656,0,0,0
DB13953,BE0003647,0,0,1
DB13953,BE0003648,0,0,1
DB13953,BE0003650,0,0,1
DB13953,BE0001042,0,0,1
DB13953,BE0003642,0,0,1
DB13953,BE0003651,0,0,1
DB13953,BE0000879,0,0,1
DB13953,BE0001067,0,0,1
DB13953,BE0001004,0,0,1
DB13953,BE0001032,1,0,0
DB13953,BE0003645,0,0,0
DB13953,BE0003659,0,0,0
DB13953,BE0003660,0,0,0
DB13953,BE0003656,0,0,0
DB13954,BE0003647,0,0,1
DB13954,BE0003648,0,0,1
DB13954,BE0003650,0,0,1
DB13954,BE0001042,0,0,1
DB13954,BE0003642,0,0,1
DB13954,BE0003651,0,0,1
DB13954,BE0000879,0,0,1
DB13954,BE0001067,0,0,1
DB13954,BE0001004,0,0,1
DB13954,BE0001032,1,0,0
DB13954,BE0003645,0,0,0
DB13954,BE0003659,0,0,0
DB13954,BE0003660,0,0,0
DB13954,BE0003656,0,0,0
DB13955,BE0003647,0,0,1
DB13955,BE0003648,0,0,1
DB13955,BE0003650,0,0,1
DB13955,BE0001042,0,0,1
DB13955,BE0003642,0,0,1
DB13955,BE0003651,0,0,1
DB13955,BE0000879,0,0,1
DB13955,BE0001067,0,0,1
DB13955,BE0001004,0,0,1
DB13955,BE0001032,1,0,0
DB13955,BE0003645,0,0,0
DB13955,BE0003659,0,0,0
DB13955,BE0003660,0,0,0
DB13955,BE0003656,0,0,0
DB13956,BE0003647,0,0,1
DB13956,BE0003648,0,0,1
DB13956,BE0003650,0,0,1
DB13956,BE0001042,0,0,1
DB13956,BE0003642,0,0,1
DB13956,BE0003651,0,0,1
DB13956,BE0000879,0,0,1
DB13956,BE0001067,0,0,1
DB13956,BE0001004,0,0,1
DB13956,BE0001032,1,0,0
DB13956,BE0003645,0,0,0
DB13956,BE0003659,0,0,0
DB13956,BE0003660,0,0,0
DB13956,BE0003656,0,0,0
DB13997,BE0001032,1,0,1
DB13997,BE0001067,0,0,1
DB14003,BE0000643,1,0,0
DB14003,BE0000076,1,0,0
DB14003,BE0000256,1,0,0
DB14003,BE0000339,1,0,0
DB14003,BE0005852,1,0,0
DB14003,BE0000189,1,0,0
DB14003,BE0001032,1,0,0
DB14006,BE0003647,1,0,1
DB14006,BE0003648,1,0,1
DB14006,BE0003650,0,0,1
DB14006,BE0000106,0,0,1
DB14006,BE0000757,0,0,1
DB14006,BE0001059,1,0,0
DB14006,BE0002182,1,0,0
DB14006,BE0002184,1,0,0
DB14006,BE0000696,1,0,0
DB14009,BE0000785,0,0,1
DB14009,BE0001067,0,0,1
DB14009,BE0001204,0,0,1
DB14009,BE0001032,0,0,1
DB14011,BE0000785,0,0,1
DB14011,BE0001067,0,0,1
DB14011,BE0001204,0,0,1
DB14057,BE0000703,0,0,1
DB14057,BE0001032,1,0,1
DB14061,BE0001032,0,0,1
DB14062,BE0001032,0,0,1
DB14063,BE0001032,0,0,1
DB14064,BE0001032,0,0,1
DB14065,BE0001032,0,0,1
DB14066,BE0001032,0,0,1
DB14067,BE0001032,0,0,1
DB14069,BE0001032,0,0,1
DB14126,BE0001032,1,0,0
DB14126,BE0001066,1,0,0
DB14126,BE0003645,1,0,0
DB14126,BE0001188,1,0,0
DB14146,BE0001032,0,0,0
DB14481,BE0005055,0,0,0
DB14481,BE0008680,0,0,0
DB14481,BE0008681,0,0,0
DB14481,BE0008682,0,0,0
DB14481,BE0008683,0,0,0
DB14481,BE0005102,0,0,0
DB14481,BE0000986,0,0,0
DB14481,BE0005112,0,0,0
DB14481,BE0000739,0,0,0
DB14481,BE0005295,0,0,0
DB14481,BE0008712,0,0,0
DB14481,BE0005296,0,0,0
DB14481,BE0008713,0,0,0
DB14481,BE0008714,0,0,0
DB14481,BE0008715,0,0,0
DB14481,BE0008717,0,0,0
DB14481,BE0008716,0,0,0
DB14481,BE0008718,0,0,0
DB14500,BE0000732,1,0,0
DB14500,BE0000502,0,0,0
DB14502,BE0005055,0,0,0
DB14502,BE0008680,0,0,0
DB14502,BE0008681,0,0,0
DB14502,BE0008682,0,0,0
DB14502,BE0008683,0,0,0
DB14503,BE0005055,0,0,0
DB14503,BE0008680,0,0,0
DB14503,BE0008681,0,0,0
DB14503,BE0008682,0,0,0
DB14503,BE0008683,0,0,0
DB14509,BE0000190,0,0,0
DB14509,BE0000024,0,0,0
DB14509,BE0000497,0,0,0
DB14513,BE0009861,0,0,0
DB14513,BE0005126,0,0,0
DB14513,BE0004624,0,0,0
DB14513,BE0009863,0,0,0
DB14513,BE0008673,0,0,0
DB14513,BE0009864,0,0,0
DB14520,BE0008685,1,0,0
DB14520,BE0009856,1,0,0
DB14533,BE0009891,1,0,0
DB14533,BE0009892,1,0,0
DB14533,BE0009895,1,0,0
DB14533,BE0009886,1,0,0
DB14533,BE0009907,1,0,0
DB14533,BE0009898,1,0,0
DB14533,BE0009885,1,0,0
DB14533,BE0009896,1,0,0
DB14533,BE0009890,1,0,0
DB14533,BE0009899,1,0,0
DB14533,BE0009902,1,0,0
DB14533,BE0009889,1,0,0
DB14533,BE0009904,1,0,0
DB14533,BE0009894,1,0,0
DB14533,BE0009888,1,0,0
DB14533,BE0009887,1,0,0
DB14533,BE0009893,1,0,0
DB14533,BE0009901,1,0,0
DB14533,BE0009905,1,0,0
DB14533,BE0009884,1,0,0
DB14533,BE0009906,1,0,0
DB14533,BE0009897,1,0,0
DB14533,BE0009900,1,0,0
DB14533,BE0009903,1,0,0
DB14538,BE0001032,0,0,0
DB14538,BE0003642,0,0,0
DB14538,BE0001067,0,0,0
DB14538,BE0003645,0,0,0
DB14539,BE0001032,0,0,0
DB14539,BE0003642,0,0,0
DB14539,BE0001067,0,0,0
DB14539,BE0003645,0,0,0
DB14540,BE0001032,0,0,0
DB14540,BE0003642,0,0,0
DB14540,BE0001067,0,0,0
DB14540,BE0003645,0,0,0
DB14541,BE0001032,0,0,0
DB14541,BE0003642,0,0,0
DB14541,BE0001067,0,0,0
DB14541,BE0003645,0,0,0
DB14542,BE0001032,0,0,0
DB14542,BE0003642,0,0,0
DB14542,BE0001067,0,0,0
DB14542,BE0003645,0,0,0
DB14543,BE0001032,0,0,0
DB14543,BE0003642,0,0,0
DB14543,BE0001067,0,0,0
DB14543,BE0003645,0,0,0
DB14544,BE0001032,0,0,0
DB14544,BE0003642,0,0,0
DB14544,BE0001067,0,0,0
DB14544,BE0003645,0,0,0
DB14548,BE0009884,1,0,0
DB14548,BE0009885,1,0,0
DB14548,BE0009886,1,0,0
DB14548,BE0009887,1,0,0
DB14548,BE0009888,1,0,0
DB14548,BE0009889,1,0,0
DB14548,BE0009890,1,0,0
DB14548,BE0009891,1,0,0
DB14548,BE0009892,1,0,0
DB14548,BE0009893,1,0,0
DB14548,BE0009894,1,0,0
DB14548,BE0009895,1,0,0
DB14548,BE0009896,1,0,0
DB14548,BE0009897,1,0,0
DB14548,BE0009898,1,0,0
DB14548,BE0009899,1,0,0
DB14548,BE0009900,1,0,0
DB14548,BE0009901,1,0,0
DB14548,BE0009902,1,0,0
DB14548,BE0009903,1,0,0
DB14548,BE0009904,1,0,0
DB14548,BE0009905,1,0,0
DB14548,BE0009906,1,0,0
DB14548,BE0009907,1,0,0
DB14568,BE0001032,1,0,1
DB14568,BE0003645,0,0,1
DB14631,BE0003642,0,0,1
DB14631,BE0001032,1,1,0
DB14631,BE0003645,1,0,0
DB14635,BE0001032,0,0,0
DB14641,BE0003642,0,0,0
DB14641,BE0001032,0,0,0
DB14642,BE0001069,0,0,0
DB14649,BE0000703,0,1,0
DB14649,BE0001032,1,1,1
DB14649,BE0001069,0,1,0
DB14649,BE0003642,0,0,1
DB14649,BE0001067,0,0,1
DB14649,BE0003645,1,0,0
DB14669,BE0003642,0,0,1
DB14669,BE0001032,1,1,0
DB14669,BE0003645,1,0,0
DB14723,BE0001032,1,0,0
DB14723,BE0001067,1,0,0
DB14737,BE0001032,0,0,1
DB14737,BE0001067,0,0,1
DB14737,BE0000785,0,0,1
DB14754,BE0003647,0,0,0
DB14754,BE0000757,0,0,0
DB14754,BE0000106,0,0,0
DB14761,BE0001004,1,0,1
DB14761,BE0001032,1,0,0
DB14761,BE0003659,0,0,1
DB14761,BE0003657,0,0,1
DB14761,BE0000703,0,0,1
DB14761,BE0001188,0,0,1
DB14761,BE0003644,0,0,1
DB14840,BE0001032,1,0,1
DB14840,BE0001067,1,0,1
DB14840,BE0003657,0,0,1
DB14845,BE0001032,1,0,0
DB14879,BE0009805,1,0,0
DB14879,BE0009806,1,0,0
DB14879,BE0004172,1,0,0
DB14879,BE0009807,1,0,0
DB14895,BE0001032,1,0,0
DB14962,BE0001032,1,0,0
DB14962,BE0001004,0,0,0
DB14962,BE0003659,1,0,0
DB14962,BE0004752,1,0,0
DB14962,BE0000785,1,0,0
DB14962,BE0001067,1,0,0
DB14973,BE0001032,0,0,1
DB14973,BE0003648,0,0,1
DB14973,BE0003645,1,0,0
DB14989,BE0001032,0,0,1
DB15011,BE0001032,1,0,0
DB15035,BE0001032,1,0,0
DB15091,BE0001032,1,0,1
DB15091,BE0001067,1,0,1
DB15091,BE0001004,0,0,1
DB15102,BE0001032,1,0,1
DB15102,BE0001067,1,0,0
DB15102,BE0003647,0,0,1
DB15102,BE0003657,0,0,1
DB15133,BE0001032,1,0,1
DB15133,BE0001067,0,0,1
DB15133,BE0003648,0,0,1
DB15133,BE0003647,0,0,1
DB15133,BE0003657,0,0,1
DB15133,BE0004752,0,0,1
DB15133,BE0000703,0,0,1
DB15149,BE0001032,1,0,1
DB15149,BE0001067,1,0,0
DB15233,BE0001032,0,0,1
DB15233,BE0001067,0,0,1
DB15233,BE0000703,0,0,1
DB15233,BE0003657,0,0,1
DB15233,BE0004752,0,0,1
DB15305,BE0003657,0,0,1
DB15305,BE0004752,0,0,1
DB15305,BE0001032,1,0,0
DB15305,BE0001067,1,0,0
DB15328,BE0001032,1,0,0
DB15328,BE0001067,1,0,0
DB15328,BE0001004,1,0,1
DB15328,BE0003659,1,0,1
DB15328,BE0001066,1,0,0
DB15328,BE0003647,0,0,1
DB15413,BE0001004,1,0,0
DB15413,BE0003659,1,0,0
DB15413,BE0001066,1,0,0
DB15442,BE0003647,0,0,1
DB15442,BE0003657,0,0,1
DB15442,BE0004752,0,0,1
DB15442,BE0001067,1,0,0
DB15442,BE0001032,1,0,0
DB15444,BE0001004,0,0,1
DB15444,BE0003659,0,0,1
DB15444,BE0001032,1,0,1
DB15456,BE0001032,1,0,0
DB15456,BE0001067,1,0,0
DB15463,BE0001032,1,0,0
DB15463,BE0001004,1,0,0
DB15463,BE0003659,1,0,0
DB15463,BE0004752,0,0,1
DB15566,BE0003642,0,0,1
DB15566,BE0001032,1,0,0
DB15568,BE0001032,0,0,1
DB15569,BE0001067,0,0,1
DB15569,BE0001032,0,0,1
DB15575,BE0001004,0,0,1
DB15575,BE0003659,0,0,1
DB15598,BE0001155,1,0,0
DB15598,BE0008685,1,0,0
DB15617,BE0004850,1,0,0
DB15673,BE0001032,1,0,0
DB15685,BE0001032,1,0,1
DB15685,BE0001067,1,0,1
DB15685,BE0003657,0,0,1
DB15719,BE0001004,1,0,0
DB15719,BE0003659,1,0,0
DB15719,BE0000785,1,0,0
DB15719,BE0001069,1,0,0
DB15719,BE0001061,1,0,0
DB15719,BE0000703,1,0,0
DB15719,BE0001032,1,0,0
DB15822,BE0001032,1,0,1
DB15822,BE0001067,1,0,1
DB15822,BE0001004,0,0,1
DB15822,BE0003659,0,0,1
DB15822,BE0001066,0,0,1
DB15822,BE0003657,0,0,1
DB15822,BE0004752,0,0,1
DB15822,BE0000703,0,0,1
DB15874,BE0004494,1,0,0
DB15982,BE0001032,1,0,1
DB15982,BE0001067,1,0,0
DB16098,BE0001004,1,0,1
DB16098,BE0003659,1,0,1
DB16098,BE0001066,1,0,0
DB16098,BE0001067,1,0,0
DB16098,BE0001032,1,0,0
DB16098,BE0003648,0,0,1
DB16098,BE0003657,0,0,1
DB16220,BE0001032,1,0,0
DB16222,BE0001032,1,0,0
DB16226,BE0001042,0,0,1
DB16236,BE0001032,1,0,1
DB16261,BE0001032,1,0,0
DB16267,BE0001032,0,0,1
DB16267,BE0001067,0,0,1
DB16267,BE0001004,0,0,1
DB16267,BE0003659,0,0,1
DB16267,BE0003645,0,0,1
DB16267,BE0003647,0,0,1
DB16267,BE0003657,0,0,1
DB16267,BE0004752,0,0,1
DB16390,BE0001032,1,0,1
DB16390,BE0001067,0,0,1
DB16628,BE0004752,0,0,1
DB16628,BE0001066,0,0,1
DB16628,BE0003657,1,0,0
DB16650,BE0001032,1,0,0
DB16650,BE0001067,1,0,1
DB16650,BE0003648,1,0,0
DB16650,BE0003659,0,0,1
DB16691,BE0001032,1,0,1
DB16703,BE0001032,1,0,1
DB16703,BE0001067,0,0,1
DB16703,BE0001004,0,0,1
DB16732,BE0001032,1,0,0
DB17083,BE0001004,1,0,1
DB17083,BE0003659,1,0,1
DB17083,BE0003645,1,0,1
DB17083,BE0001067,1,0,0
DB17083,BE0001066,0,0,1
